运输架次编号,通信阶段,开始时刻（s）,结束时刻（s）,保障方式,中继架次编号,id,route,model,stage,start_s,end_s,direct_ok,relay_id,from_node,to_node,p0_px,p0_py,p0_east,p0_north,p0_z,p1_px,p1_py,p1_east,p1_north,p1_z,p0_lon,p0_lat,p1_lon,p1_lat,解析阶段索引,区间链路裕量下界dB,直连中点裕量dB,状态区间依据,区间边界约定
R01,爬升,390.0,390.7973724698568,直连,,0,R01,B,爬升,390.0,390.7973724698568,True,,O01,S014,713.5661199999887,778.8658000000014,318686.20128461556,2545556.1393129765,127.7,713.5661199999887,778.8658000000014,318686.20128461556,2545556.1393129765,130.0921174095703,109.2308517,23.0085095,109.2308517,23.0085095,0,45.92517525248826,46.46079743223157,解析遮挡集合+两类距离阈值根,开区间内状态恒定，边界瞬时见事件表
R01,爬升,390.7973724698568,542.0380493164063,直连,,1,R01,B,爬升,390.7973724698568,542.0380493164063,True,,O01,S014,713.5661199999887,778.8658000000014,318686.20128461556,2545556.1393129765,130.0921174095703,713.5661199999887,778.8658000000014,318686.20128461556,2545556.1393129765,583.8141479492188,109.2308517,23.0085095,109.2308517,23.0085095,0,29.153771649377532,35.53233579707931,解析遮挡集合+两类距离阈值根,开区间内状态恒定，边界瞬时见事件表
R01,巡航,542.0380493164063,726.2736436272793,直连,,2,R01,B,巡航,542.0380493164063,726.2736436272793,True,,O01,S014,713.5661199999887,778.8658000000014,318686.20128461556,2545556.1393129765,583.8141479492188,810.3900992132799,784.9232532629286,321441.0350302753,2545337.025800688,583.8141479492188,109.2308517,23.0085095,109.25774724978147,23.00682687409363,1,13.00964691060527,18.724667109005253,解析遮挡集合+两类距离阈值根,开区间内状态恒定，边界瞬时见事件表
R01,巡航,726.2736436272793,750.6353393301774,直连,,3,R01,B,巡航,726.2736436272793,750.6353393301774,True,,O01,S014,810.3900992132799,784.9232532629286,321441.0350302753,2545337.025800688,583.8141479492188,823.1932512163493,785.7242376420761,321805.31003193755,2545308.052155662,583.8141479492188,109.25774724978147,23.00682687409363,109.26130368089343,23.006604378432755,1,11.954216422435707,12.466262452988389,解析遮挡集合+两类距离阈值根,开区间内状态恒定，边界瞬时见事件表
R01,巡航,750.6353393301774,799.0,直连,,4,R01,B,巡航,750.6353393301774,799.0,True,,O01,S014,823.1932512163493,785.7242376420761,321805.31003193755,2545308.052155662,583.8141479492188,848.611026304105,787.3144117486629,322528.4960145865,2545250.5315082017,583.8141479492188,109.26130368089343,23.006604378432755,109.26836417397337,23.00616266340315,1,0.1713277725817619,1.0178234412088898,解析遮挡集合+两类距离阈值根,开区间内状态恒定，边界瞬时见事件表
R01,巡航,799.0,804.183735228364,直连,,5,R01,B,巡航,799.0,804.183735228364,True,,O01,S014,848.611026304105,787.3144117486629,322528.4960145865,2545250.5315082017,583.8141479492188,851.3353091652735,787.484846967713,322606.0072511587,2545244.366432246,583.8141479492188,109.26836417397337,23.00616266340315,109.26912091921258,23.006115320286746,1,0.0,0.08524676720244884,解析遮挡集合+两类距离阈值根,开区间内状态恒定，边界瞬时见事件表
R01,巡航,804.183735228364,903.3427289872984,中继,J01,6,R01,B,巡航,804.183735228364,903.3427289872984,False,J01,O01,S014,851.3353091652735,787.484846967713,322606.0072511587,2545244.366432246,583.8141479492188,903.4477599999673,790.7450799999908,324088.7095661731,2545126.435499959,583.8141479492188,109.26912091921258,23.006115320286746,109.2835966,23.0052097,1,2.382028224442422,-1.4891040912190476,解析遮挡集合+两类距离阈值根,开区间内状态恒定，边界瞬时见事件表
R01,下降,903.3427289872984,996.468388166986,中继,J01,7,R01,B,下降,903.3427289872984,996.468388166986,False,J01,O01,S014,903.4477599999673,790.7450799999908,324088.7095661731,2545126.435499959,583.8141479492188,903.4477599999673,790.7450799999908,324088.7095661731,2545126.435499959,351.0,109.2835966,23.0052097,109.2835966,23.0052097,2,2.382028224442422,-2.7486088056574545,解析遮挡集合+两类距离阈值根,开区间内状态恒定，边界瞬时见事件表
R01,整数秒等待,996.468388166986,997.0,中继,J01,8,R01,B,整数秒等待,996.468388166986,997.0,False,J01,O01,S014,903.4477599999673,790.7450799999908,324088.7095661731,2545126.435499959,351.0,903.4477599999673,790.7450799999908,324088.7095661731,2545126.435499959,351.0,109.2835966,23.0052097,109.2835966,23.0052097,3,2.382028224442422,-2.7396286931391955,解析遮挡集合+两类距离阈值根,开区间内状态恒定，边界瞬时见事件表
R01,交接,997.0,1237.0,中继,J01,9,R01,B,交接,997.0,1237.0,False,J01,O01,S014,903.4477599999673,790.7450799999908,324088.7095661731,2545126.435499959,351.0,903.4477599999673,790.7450799999908,324088.7095661731,2545126.435499959,351.0,109.2835966,23.0052097,109.2835966,23.0052097,4,2.382028224442422,-2.7396286931391955,解析遮挡集合+两类距离阈值根,开区间内状态恒定，边界瞬时见事件表
R01,爬升,1237.0,1314.604715983073,中继,J01,10,R01,B,爬升,1237.0,1314.604715983073,False,J01,S014,O01,903.4477599999673,790.7450799999908,324088.7095661731,2545126.435499959,351.0,903.4477599999673,790.7450799999908,324088.7095661731,2545126.435499959,583.8141479492188,109.2835966,23.0052097,109.2835966,23.0052097,5,2.382028224442422,-2.7486088056574545,解析遮挡集合+两类距离阈值根,开区间内状态恒定，边界瞬时见事件表
R01,巡航,1314.604715983073,1413.7637097420074,中继,J01,11,R01,B,巡航,1314.604715983073,1413.7637097420074,False,J01,S014,O01,903.4477599999673,790.7450799999908,324088.7095661731,2545126.435499959,583.8141479492188,851.3353091652735,787.484846967713,322606.0072511587,2545244.366432246,583.8141479492188,109.2835966,23.0052097,109.26912091921258,23.006115320286746,6,2.382028224442422,-1.4891040912190476,解析遮挡集合+两类距离阈值根,开区间内状态恒定，边界瞬时见事件表
R01,巡航,1413.7637097420074,1419.0,直连,,12,R01,B,巡航,1413.7637097420074,1419.0,True,,S014,O01,851.3353091652735,787.484846967713,322606.0072511587,2545244.366432246,583.8141479492188,848.5834063042057,787.3126838000713,322527.7101709515,2545250.594012503,583.8141479492188,109.26912091921258,23.006115320286746,109.26835650175117,23.006163143388868,6,0.0,0.08611528182997574,解析遮挡集合+两类距离阈值根,开区间内状态恒定，边界瞬时见事件表
R01,巡航,1419.0,1467.3121056401942,直连,,13,R01,B,巡航,1419.0,1467.3121056401942,True,,S014,O01,848.5834063042057,787.3126838000713,322527.7101709515,2545250.594012503,583.8141479492188,823.1932512163492,785.7242376420761,321805.31003193755,2545308.052155662,583.8141479492188,109.26835650175117,23.006163143388868,109.26130368089343,23.006604378432755,6,0.17308197006751413,1.018788946501104,解析遮挡集合+两类距离阈值根,开区间内状态恒定，边界瞬时见事件表
R01,巡航,1467.3121056401942,1491.673801343092,直连,,14,R01,B,巡航,1467.3121056401942,1491.673801343092,True,,S014,O01,823.1932512163492,785.7242376420761,321805.31003193755,2545308.052155662,583.8141479492188,810.3900992132799,784.9232532629286,321441.0350302753,2545337.025800688,583.8141479492188,109.26130368089343,23.006604378432755,109.25774724978147,23.00682687409363,6,11.954216422435707,12.466262452988389,解析遮挡集合+两类距离阈值根,开区间内状态恒定，边界瞬时见事件表
R01,巡航,1491.673801343092,1675.909395653965,直连,,15,R01,B,巡航,1491.673801343092,1675.909395653965,True,,S014,O01,810.3900992132799,784.9232532629286,321441.0350302753,2545337.025800688,583.8141479492188,713.5661199999887,778.8658000000014,318686.20128461556,2545556.1393129765,583.8141479492188,109.25774724978147,23.00682687409363,109.2308517,23.0085095,6,13.00964691060527,18.724667109005253,解析遮挡集合+两类距离阈值根,开区间内状态恒定，边界瞬时见事件表
R01,下降,1675.909395653965,1857.3982078698243,直连,,16,R01,B,下降,1675.909395653965,1857.3982078698243,True,,S014,O01,713.5661199999887,778.8658000000014,318686.20128461556,2545556.1393129765,583.8141479492188,713.5661199999887,778.8658000000014,318686.20128461556,2545556.1393129765,130.09211740957033,109.2308517,23.0085095,109.2308517,23.0085095,7,29.153771649377532,35.53233579707931,解析遮挡集合+两类距离阈值根,开区间内状态恒定，边界瞬时见事件表
R01,下降,1857.3982078698243,1858.3550548336525,直连,,17,R01,B,下降,1857.3982078698243,1858.3550548336525,True,,S014,O01,713.5661199999887,778.8658000000014,318686.20128461556,2545556.1393129765,130.09211740957033,713.5661199999887,778.8658000000014,318686.20128461556,2545556.1393129765,127.69999999999999,109.2308517,23.0085095,109.2308517,23.0085095,7,45.92517525248826,46.46079743223157,解析遮挡集合+两类距离阈值根,开区间内状态恒定，边界瞬时见事件表
R01,整数秒等待,1858.3550548336525,1859.0,直连,,18,R01,B,整数秒等待,1858.3550548336525,1859.0,True,,S014,O01,713.5661199999887,778.8658000000014,318686.20128461556,2545556.1393129765,127.7,713.5661199999887,778.8658000000014,318686.20128461556,2545556.1393129765,127.7,109.2308517,23.0085095,109.2308517,23.0085095,8,45.92517525248826,45.92517525248826,解析遮挡集合+两类距离阈值根,开区间内状态恒定，边界瞬时见事件表
R02,爬升,360.0,360.7973724698568,直连,,19,R02,A,爬升,360.0,360.7973724698568,True,,O01,S006,713.5661199999887,778.8658000000014,318686.20128461556,2545556.1393129765,127.7,713.5661199999887,778.8658000000014,318686.20128461556,2545556.1393129765,130.0921174095703,109.2308517,23.0085095,109.2308517,23.0085095,9,45.92517525248826,46.46079743223157,解析遮挡集合+两类距离阈值根,开区间内状态恒定，边界瞬时见事件表
R02,爬升,360.7973724698568,439.3622578938802,直连,,20,R02,A,爬升,360.7973724698568,439.3622578938802,True,,O01,S006,713.5661199999887,778.8658000000014,318686.20128461556,2545556.1393129765,130.0921174095703,713.5661199999887,778.8658000000014,318686.20128461556,2545556.1393129765,365.7867736816406,109.2308517,23.0085095,109.2308517,23.0085095,9,35.173188611759926,41.92500205017011,解析遮挡集合+两类距离阈值根,开区间内状态恒定，边界瞬时见事件表
R02,巡航,439.3622578938802,579.3202506685182,直连,,21,R02,A,巡航,439.3622578938802,579.3202506685182,True,,O01,S006,713.5661199999887,778.8658000000014,318686.20128461556,2545556.1393129765,365.7867736816406,654.6117212600557,780.3753298456485,317006.9064616357,2545530.150463638,365.7867736816406,109.2308517,23.0085095,109.2144754781278,23.008090186153986,10,17.369577338097955,23.179334037117727,解析遮挡集合+两类距离阈值根,开区间内状态恒定，边界瞬时见事件表
R02,巡航,579.3202506685182,704.8831423356175,直连,,22,R02,A,巡航,579.3202506685182,704.8831423356175,True,,O01,S006,654.6117212600557,780.3753298456485,317006.9064616357,2545530.150463638,365.7867736816406,601.7209599999914,781.7295999999972,315500.3321692017,2545506.834645732,365.7867736816406,109.2144754781278,23.008090186153986,109.1997836,23.007714,10,1.859877845445311,4.188626643409435,解析遮挡集合+两类距离阈值根,开区间内状态恒定，边界瞬时见事件表
R02,下降,704.8831423356175,725.2778518082738,直连,,23,R02,A,下降,704.8831423356175,725.2778518082738,True,,O01,S006,601.7209599999914,781.7295999999972,315500.3321692017,2545506.834645732,365.7867736816406,601.7209599999914,781.7295999999972,315500.3321692017,2545506.834645732,314.8,109.1997836,23.007714,109.1997836,23.007714,11,1.859877845445311,1.864337988890611,解析遮挡集合+两类距离阈值根,开区间内状态恒定，边界瞬时见事件表
R02,整数秒等待,725.2778518082738,726.0,直连,,24,R02,A,整数秒等待,725.2778518082738,726.0,True,,O01,S006,601.7209599999914,781.7295999999972,315500.3321692017,2545506.834645732,314.8,601.7209599999914,781.7295999999972,315500.3321692017,2545506.834645732,314.8,109.1997836,23.007714,109.1997836,23.007714,12,1.8682481628298007,1.8682481628298007,解析遮挡集合+两类距离阈值根,开区间内状态恒定，边界瞬时见事件表
R02,交接,726.0,799.0,直连,,25,R02,A,交接,726.0,799.0,True,,O01,S006,601.7209599999914,781.7295999999972,315500.3321692017,2545506.834645732,314.8,601.7209599999914,781.7295999999972,315500.3321692017,2545506.834645732,314.8,109.1997836,23.007714,109.1997836,23.007714,13,1.8682481628298007,1.8682481628298007,解析遮挡集合+两类距离阈值根,开区间内状态恒定，边界瞬时见事件表
R02,交接,799.0,936.0,直连,,26,R02,A,交接,799.0,936.0,True,,O01,S006,601.7209599999914,781.7295999999972,315500.3321692017,2545506.834645732,314.8,601.7209599999914,781.7295999999972,315500.3321692017,2545506.834645732,314.8,109.1997836,23.007714,109.1997836,23.007714,13,1.8682481628298007,1.8682481628298007,解析遮挡集合+两类距离阈值根,开区间内状态恒定，边界瞬时见事件表
R02,爬升,936.0,952.9955912272135,直连,,27,R02,A,爬升,936.0,952.9955912272135,True,,S006,O01,601.7209599999914,781.7295999999972,315500.3321692017,2545506.834645732,314.8,601.7209599999914,781.7295999999972,315500.3321692017,2545506.834645732,365.7867736816406,109.1997836,23.007714,109.1997836,23.007714,14,1.859877845445311,1.864337988890611,解析遮挡集合+两类距离阈值根,开区间内状态恒定，边界瞬时见事件表
R02,巡航,952.9955912272135,1078.5584828943129,直连,,28,R02,A,巡航,952.9955912272135,1078.5584828943129,True,,S006,O01,601.7209599999914,781.7295999999972,315500.3321692017,2545506.834645732,365.7867736816406,654.6117212600557,780.3753298456485,317006.9064616357,2545530.150463638,365.7867736816406,109.1997836,23.007714,109.2144754781278,23.008090186153986,15,1.859877845445311,4.188626643409435,解析遮挡集合+两类距离阈值根,开区间内状态恒定，边界瞬时见事件表
R02,巡航,1078.5584828943129,1091.3789743005589,直连,,29,R02,A,巡航,1078.5584828943129,1091.3789743005589,True,,S006,O01,654.6117212600557,780.3753298456485,317006.9064616357,2545530.150463638,365.7867736816406,660.0120870942725,780.2370532525799,317160.7339381503,2545532.531105236,365.7867736816406,109.2144754781278,23.008090186153986,109.21597557974842,23.008128596318727,15,17.369577338097955,17.76972657623459,解析遮挡集合+两类距离阈值根,开区间内状态恒定，边界瞬时见事件表
R02,巡航,1091.3789743005589,1218.5164756689508,直连,,30,R02,A,巡航,1091.3789743005589,1218.5164756689508,True,,S006,O01,660.0120870942725,780.2370532525799,317160.7339381503,2545532.531105236,365.7867736816406,713.5661199999887,778.8658000000014,318686.20128461556,2545556.1393129765,365.7867736816406,109.21597557974842,23.008128596318727,109.2308517,23.0085095,15,18.188828514950842,23.95606733908693,解析遮挡集合+两类距离阈值根,开区间内状态恒定，边界瞬时见事件表
R02,下降,1218.5164756689508,1291.9330362198084,直连,,31,R02,A,下降,1218.5164756689508,1291.9330362198084,True,,S006,O01,713.5661199999887,778.8658000000014,318686.20128461556,2545556.1393129765,365.7867736816406,713.5661199999887,778.8658000000014,318686.20128461556,2545556.1393129765,182.24537230449658,109.2308517,23.0085095,109.2308517,23.0085095,16,35.173188611759926,39.91660285488773,解析遮挡集合+两类距离阈值根,开区间内状态恒定，边界瞬时见事件表
R02,下降,1291.9330362198084,1312.7943381777789,直连,,32,R02,A,下降,1291.9330362198084,1312.7943381777789,True,,S006,O01,713.5661199999887,778.8658000000014,318686.20128461556,2545556.1393129765,182.24537230449658,713.5661199999887,778.8658000000014,318686.20128461556,2545556.1393129765,130.0921174095703,109.2308517,23.0085095,109.2308517,23.0085095,16,51.17797761476481,63.389394189512245,解析遮挡集合+两类距离阈值根,开区间内状态恒定，边界瞬时见事件表
R02,下降,1312.7943381777789,1313.751185141607,直连,,33,R02,A,下降,1312.7943381777789,1313.751185141607,True,,S006,O01,713.5661199999887,778.8658000000014,318686.20128461556,2545556.1393129765,130.0921174095703,713.5661199999887,778.8658000000014,318686.20128461556,2545556.1393129765,127.69999999999999,109.2308517,23.0085095,109.2308517,23.0085095,16,45.92517525248826,46.46079743223156,解析遮挡集合+两类距离阈值根,开区间内状态恒定，边界瞬时见事件表
R02,整数秒等待,1313.751185141607,1314.0,直连,,34,R02,A,整数秒等待,1313.751185141607,1314.0,True,,S006,O01,713.5661199999887,778.8658000000014,318686.20128461556,2545556.1393129765,127.7,713.5661199999887,778.8658000000014,318686.20128461556,2545556.1393129765,127.7,109.2308517,23.0085095,109.2308517,23.0085095,17,45.92517525248826,45.92517525248826,解析遮挡集合+两类距离阈值根,开区间内状态恒定，边界瞬时见事件表
R03,爬升,360.0,360.7973724698568,直连,,35,R03,A,爬升,360.0,360.7973724698568,True,,O01,S006,713.5661199999887,778.8658000000014,318686.20128461556,2545556.1393129765,127.7,713.5661199999887,778.8658000000014,318686.20128461556,2545556.1393129765,130.0921174095703,109.2308517,23.0085095,109.2308517,23.0085095,18,45.92517525248826,46.46079743223157,解析遮挡集合+两类距离阈值根,开区间内状态恒定，边界瞬时见事件表
R03,爬升,360.7973724698568,439.3622578938802,直连,,36,R03,A,爬升,360.7973724698568,439.3622578938802,True,,O01,S006,713.5661199999887,778.8658000000014,318686.20128461556,2545556.1393129765,130.0921174095703,713.5661199999887,778.8658000000014,318686.20128461556,2545556.1393129765,365.7867736816406,109.2308517,23.0085095,109.2308517,23.0085095,18,35.173188611759926,41.92500205017011,解析遮挡集合+两类距离阈值根,开区间内状态恒定，边界瞬时见事件表
R03,巡航,439.3622578938802,579.3202506685182,直连,,37,R03,A,巡航,439.3622578938802,579.3202506685182,True,,O01,S006,713.5661199999887,778.8658000000014,318686.20128461556,2545556.1393129765,365.7867736816406,654.6117212600557,780.3753298456485,317006.9064616357,2545530.150463638,365.7867736816406,109.2308517,23.0085095,109.2144754781278,23.008090186153986,19,17.369577338097955,23.179334037117727,解析遮挡集合+两类距离阈值根,开区间内状态恒定，边界瞬时见事件表
R03,巡航,579.3202506685182,704.8831423356175,直连,,38,R03,A,巡航,579.3202506685182,704.8831423356175,True,,O01,S006,654.6117212600557,780.3753298456485,317006.9064616357,2545530.150463638,365.7867736816406,601.7209599999914,781.7295999999972,315500.3321692017,2545506.834645732,365.7867736816406,109.2144754781278,23.008090186153986,109.1997836,23.007714,19,1.859877845445311,4.188626643409435,解析遮挡集合+两类距离阈值根,开区间内状态恒定，边界瞬时见事件表
R03,下降,704.8831423356175,725.2778518082738,直连,,39,R03,A,下降,704.8831423356175,725.2778518082738,True,,O01,S006,601.7209599999914,781.7295999999972,315500.3321692017,2545506.834645732,365.7867736816406,601.7209599999914,781.7295999999972,315500.3321692017,2545506.834645732,314.8,109.1997836,23.007714,109.1997836,23.007714,20,1.859877845445311,1.864337988890611,解析遮挡集合+两类距离阈值根,开区间内状态恒定，边界瞬时见事件表
R03,整数秒等待,725.2778518082738,726.0,直连,,40,R03,A,整数秒等待,725.2778518082738,726.0,True,,O01,S006,601.7209599999914,781.7295999999972,315500.3321692017,2545506.834645732,314.8,601.7209599999914,781.7295999999972,315500.3321692017,2545506.834645732,314.8,109.1997836,23.007714,109.1997836,23.007714,21,1.8682481628298007,1.8682481628298007,解析遮挡集合+两类距离阈值根,开区间内状态恒定，边界瞬时见事件表
R03,交接,726.0,799.0,直连,,41,R03,A,交接,726.0,799.0,True,,O01,S006,601.7209599999914,781.7295999999972,315500.3321692017,2545506.834645732,314.8,601.7209599999914,781.7295999999972,315500.3321692017,2545506.834645732,314.8,109.1997836,23.007714,109.1997836,23.007714,22,1.8682481628298007,1.8682481628298007,解析遮挡集合+两类距离阈值根,开区间内状态恒定，边界瞬时见事件表
R03,交接,799.0,936.0,直连,,42,R03,A,交接,799.0,936.0,True,,O01,S006,601.7209599999914,781.7295999999972,315500.3321692017,2545506.834645732,314.8,601.7209599999914,781.7295999999972,315500.3321692017,2545506.834645732,314.8,109.1997836,23.007714,109.1997836,23.007714,22,1.8682481628298007,1.8682481628298007,解析遮挡集合+两类距离阈值根,开区间内状态恒定，边界瞬时见事件表
R03,爬升,936.0,952.9955912272135,直连,,43,R03,A,爬升,936.0,952.9955912272135,True,,S006,O01,601.7209599999914,781.7295999999972,315500.3321692017,2545506.834645732,314.8,601.7209599999914,781.7295999999972,315500.3321692017,2545506.834645732,365.7867736816406,109.1997836,23.007714,109.1997836,23.007714,23,1.859877845445311,1.864337988890611,解析遮挡集合+两类距离阈值根,开区间内状态恒定，边界瞬时见事件表
R03,巡航,952.9955912272135,1078.5584828943129,直连,,44,R03,A,巡航,952.9955912272135,1078.5584828943129,True,,S006,O01,601.7209599999914,781.7295999999972,315500.3321692017,2545506.834645732,365.7867736816406,654.6117212600557,780.3753298456485,317006.9064616357,2545530.150463638,365.7867736816406,109.1997836,23.007714,109.2144754781278,23.008090186153986,24,1.859877845445311,4.188626643409435,解析遮挡集合+两类距离阈值根,开区间内状态恒定，边界瞬时见事件表
R03,巡航,1078.5584828943129,1091.3789743005589,直连,,45,R03,A,巡航,1078.5584828943129,1091.3789743005589,True,,S006,O01,654.6117212600557,780.3753298456485,317006.9064616357,2545530.150463638,365.7867736816406,660.0120870942725,780.2370532525799,317160.7339381503,2545532.531105236,365.7867736816406,109.2144754781278,23.008090186153986,109.21597557974842,23.008128596318727,24,17.369577338097955,17.76972657623459,解析遮挡集合+两类距离阈值根,开区间内状态恒定，边界瞬时见事件表
R03,巡航,1091.3789743005589,1218.5164756689508,直连,,46,R03,A,巡航,1091.3789743005589,1218.5164756689508,True,,S006,O01,660.0120870942725,780.2370532525799,317160.7339381503,2545532.531105236,365.7867736816406,713.5661199999887,778.8658000000014,318686.20128461556,2545556.1393129765,365.7867736816406,109.21597557974842,23.008128596318727,109.2308517,23.0085095,24,18.188828514950842,23.95606733908693,解析遮挡集合+两类距离阈值根,开区间内状态恒定，边界瞬时见事件表
R03,下降,1218.5164756689508,1291.9330362198084,直连,,47,R03,A,下降,1218.5164756689508,1291.9330362198084,True,,S006,O01,713.5661199999887,778.8658000000014,318686.20128461556,2545556.1393129765,365.7867736816406,713.5661199999887,778.8658000000014,318686.20128461556,2545556.1393129765,182.24537230449658,109.2308517,23.0085095,109.2308517,23.0085095,25,35.173188611759926,39.91660285488773,解析遮挡集合+两类距离阈值根,开区间内状态恒定，边界瞬时见事件表
R03,下降,1291.9330362198084,1312.7943381777789,直连,,48,R03,A,下降,1291.9330362198084,1312.7943381777789,True,,S006,O01,713.5661199999887,778.8658000000014,318686.20128461556,2545556.1393129765,182.24537230449658,713.5661199999887,778.8658000000014,318686.20128461556,2545556.1393129765,130.0921174095703,109.2308517,23.0085095,109.2308517,23.0085095,25,51.17797761476481,63.389394189512245,解析遮挡集合+两类距离阈值根,开区间内状态恒定，边界瞬时见事件表
R03,下降,1312.7943381777789,1313.751185141607,直连,,49,R03,A,下降,1312.7943381777789,1313.751185141607,True,,S006,O01,713.5661199999887,778.8658000000014,318686.20128461556,2545556.1393129765,130.0921174095703,713.5661199999887,778.8658000000014,318686.20128461556,2545556.1393129765,127.69999999999999,109.2308517,23.0085095,109.2308517,23.0085095,25,45.92517525248826,46.46079743223156,解析遮挡集合+两类距离阈值根,开区间内状态恒定，边界瞬时见事件表
R03,整数秒等待,1313.751185141607,1314.0,直连,,50,R03,A,整数秒等待,1313.751185141607,1314.0,True,,S006,O01,713.5661199999887,778.8658000000014,318686.20128461556,2545556.1393129765,127.7,713.5661199999887,778.8658000000014,318686.20128461556,2545556.1393129765,127.7,109.2308517,23.0085095,109.2308517,23.0085095,26,45.92517525248826,45.92517525248826,解析遮挡集合+两类距离阈值根,开区间内状态恒定，边界瞬时见事件表
R04,爬升,360.0,360.7973724698568,直连,,51,R04,B,爬升,360.0,360.7973724698568,True,,O01,S006,713.5661199999887,778.8658000000014,318686.20128461556,2545556.1393129765,127.7,713.5661199999887,778.8658000000014,318686.20128461556,2545556.1393129765,130.0921174095703,109.2308517,23.0085095,109.2308517,23.0085095,27,45.92517525248826,46.46079743223157,解析遮挡集合+两类距离阈值根,开区间内状态恒定，边界瞬时见事件表
R04,爬升,360.7973724698568,439.3622578938802,直连,,52,R04,B,爬升,360.7973724698568,439.3622578938802,True,,O01,S006,713.5661199999887,778.8658000000014,318686.20128461556,2545556.1393129765,130.0921174095703,713.5661199999887,778.8658000000014,318686.20128461556,2545556.1393129765,365.7867736816406,109.2308517,23.0085095,109.2308517,23.0085095,27,35.173188611759926,41.92500205017011,解析遮挡集合+两类距离阈值根,开区间内状态恒定，边界瞬时见事件表
R04,巡航,439.3622578938802,551.3286521135906,直连,,53,R04,B,巡航,439.3622578938802,551.3286521135906,True,,O01,S006,713.5661199999887,778.8658000000014,318686.20128461556,2545556.1393129765,365.7867736816406,654.6117212600557,780.3753298456485,317006.9064616357,2545530.150463638,365.7867736816406,109.2308517,23.0085095,109.2144754781278,23.008090186153986,28,17.369577338097955,23.179334037117727,解析遮挡集合+两类距离阈值根,开区间内状态恒定，边界瞬时见事件表
R04,巡航,551.3286521135906,651.7789654472701,直连,,54,R04,B,巡航,551.3286521135906,651.7789654472701,True,,O01,S006,654.6117212600557,780.3753298456485,317006.9064616357,2545530.150463638,365.7867736816406,601.7209599999914,781.7295999999972,315500.3321692017,2545506.834645732,365.7867736816406,109.2144754781278,23.008090186153986,109.1997836,23.007714,28,1.859877845445311,4.188626643409435,解析遮挡集合+两类距离阈值根,开区间内状态恒定，边界瞬时见事件表
R04,下降,651.7789654472701,672.1736749199264,直连,,55,R04,B,下降,651.7789654472701,672.1736749199264,True,,O01,S006,601.7209599999914,781.7295999999972,315500.3321692017,2545506.834645732,365.7867736816406,601.7209599999914,781.7295999999972,315500.3321692017,2545506.834645732,314.8,109.1997836,23.007714,109.1997836,23.007714,29,1.859877845445311,1.864337988890611,解析遮挡集合+两类距离阈值根,开区间内状态恒定，边界瞬时见事件表
R04,整数秒等待,672.1736749199264,673.0,直连,,56,R04,B,整数秒等待,672.1736749199264,673.0,True,,O01,S006,601.7209599999914,781.7295999999972,315500.3321692017,2545506.834645732,314.8,601.7209599999914,781.7295999999972,315500.3321692017,2545506.834645732,314.8,109.1997836,23.007714,109.1997836,23.007714,30,1.8682481628298007,1.8682481628298007,解析遮挡集合+两类距离阈值根,开区间内状态恒定，边界瞬时见事件表
R04,交接,673.0,799.0,直连,,57,R04,B,交接,673.0,799.0,True,,O01,S006,601.7209599999914,781.7295999999972,315500.3321692017,2545506.834645732,314.8,601.7209599999914,781.7295999999972,315500.3321692017,2545506.834645732,314.8,109.1997836,23.007714,109.1997836,23.007714,31,1.8682481628298007,1.8682481628298007,解析遮挡集合+两类距离阈值根,开区间内状态恒定，边界瞬时见事件表
R04,交接,799.0,883.0,直连,,58,R04,B,交接,799.0,883.0,True,,O01,S006,601.7209599999914,781.7295999999972,315500.3321692017,2545506.834645732,314.8,601.7209599999914,781.7295999999972,315500.3321692017,2545506.834645732,314.8,109.1997836,23.007714,109.1997836,23.007714,31,1.8682481628298007,1.8682481628298007,解析遮挡集合+两类距离阈值根,开区间内状态恒定，边界瞬时见事件表
R04,爬升,883.0,899.9955912272135,直连,,59,R04,B,爬升,883.0,899.9955912272135,True,,S006,O01,601.7209599999914,781.7295999999972,315500.3321692017,2545506.834645732,314.8,601.7209599999914,781.7295999999972,315500.3321692017,2545506.834645732,365.7867736816406,109.1997836,23.007714,109.1997836,23.007714,32,1.859877845445311,1.864337988890611,解析遮挡集合+两类距离阈值根,开区间内状态恒定，边界瞬时见事件表
R04,巡航,899.9955912272135,1000.445904560893,直连,,60,R04,B,巡航,899.9955912272135,1000.445904560893,True,,S006,O01,601.7209599999914,781.7295999999972,315500.3321692017,2545506.834645732,365.7867736816406,654.6117212600557,780.3753298456485,317006.9064616357,2545530.150463638,365.7867736816406,109.1997836,23.007714,109.2144754781278,23.008090186153986,33,1.859877845445311,4.188626643409435,解析遮挡集合+两类距离阈值根,开区间内状态恒定，边界瞬时见事件表
R04,巡航,1000.445904560893,1010.7022976858898,直连,,61,R04,B,巡航,1000.445904560893,1010.7022976858898,True,,S006,O01,654.6117212600557,780.3753298456485,317006.9064616357,2545530.150463638,365.7867736816406,660.0120870942725,780.2370532525799,317160.7339381503,2545532.531105236,365.7867736816406,109.2144754781278,23.008090186153986,109.21597557974842,23.008128596318727,33,17.369577338097955,17.76972657623459,解析遮挡集合+两类距离阈值根,开区间内状态恒定，边界瞬时见事件表
R04,巡航,1010.7022976858898,1112.4122987806034,直连,,62,R04,B,巡航,1010.7022976858898,1112.4122987806034,True,,S006,O01,660.0120870942725,780.2370532525799,317160.7339381503,2545532.531105236,365.7867736816406,713.5661199999887,778.8658000000014,318686.20128461556,2545556.1393129765,365.7867736816406,109.21597557974842,23.008128596318727,109.2308517,23.0085095,33,18.188828514950842,23.95606733908693,解析遮挡集合+两类距离阈值根,开区间内状态恒定，边界瞬时见事件表
R04,下降,1112.4122987806034,1185.828859331461,直连,,63,R04,B,下降,1112.4122987806034,1185.828859331461,True,,S006,O01,713.5661199999887,778.8658000000014,318686.20128461556,2545556.1393129765,365.7867736816406,713.5661199999887,778.8658000000014,318686.20128461556,2545556.1393129765,182.24537230449658,109.2308517,23.0085095,109.2308517,23.0085095,34,35.173188611759926,39.91660285488773,解析遮挡集合+两类距离阈值根,开区间内状态恒定，边界瞬时见事件表
R04,下降,1185.828859331461,1206.6901612894314,直连,,64,R04,B,下降,1185.828859331461,1206.6901612894314,True,,S006,O01,713.5661199999887,778.8658000000014,318686.20128461556,2545556.1393129765,182.24537230449658,713.5661199999887,778.8658000000014,318686.20128461556,2545556.1393129765,130.0921174095703,109.2308517,23.0085095,109.2308517,23.0085095,34,51.17797761476481,63.389394189512245,解析遮挡集合+两类距离阈值根,开区间内状态恒定，边界瞬时见事件表
R04,下降,1206.6901612894314,1207.6470082532596,直连,,65,R04,B,下降,1206.6901612894314,1207.6470082532596,True,,S006,O01,713.5661199999887,778.8658000000014,318686.20128461556,2545556.1393129765,130.0921174095703,713.5661199999887,778.8658000000014,318686.20128461556,2545556.1393129765,127.69999999999999,109.2308517,23.0085095,109.2308517,23.0085095,34,45.92517525248826,46.46079743223156,解析遮挡集合+两类距离阈值根,开区间内状态恒定，边界瞬时见事件表
R04,整数秒等待,1207.6470082532596,1208.0,直连,,66,R04,B,整数秒等待,1207.6470082532596,1208.0,True,,S006,O01,713.5661199999887,778.8658000000014,318686.20128461556,2545556.1393129765,127.7,713.5661199999887,778.8658000000014,318686.20128461556,2545556.1393129765,127.7,109.2308517,23.0085095,109.2308517,23.0085095,35,45.92517525248826,45.92517525248826,解析遮挡集合+两类距离阈值根,开区间内状态恒定，边界瞬时见事件表
R05,爬升,480.0,480.9568469638281,直连,,67,R05,C,爬升,480.0,480.9568469638281,True,,O01,S001,713.5661199999887,778.8658000000014,318686.20128461556,2545556.1393129765,127.7,713.5661199999887,778.8658000000014,318686.20128461556,2545556.1393129765,130.0921174095703,109.2308517,23.0085095,109.2308517,23.0085095,36,45.92517525248826,46.46079743223157,解析遮挡集合+两类距离阈值根,开区间内状态恒定，边界瞬时见事件表
R05,爬升,480.9568469638281,538.7815112304687,直连,,68,R05,C,爬升,480.9568469638281,538.7815112304687,True,,O01,S001,713.5661199999887,778.8658000000014,318686.20128461556,2545556.1393129765,130.0921174095703,713.5661199999887,778.8658000000014,318686.20128461556,2545556.1393129765,274.6537780761719,109.2308517,23.0085095,109.2308517,23.0085095,36,39.87286257032159,47.190325367486366,解析遮挡集合+两类距离阈值根,开区间内状态恒定，边界瞬时见事件表
R05,巡航,538.7815112304687,650.9485847617775,直连,,69,R05,C,巡航,538.7815112304687,650.9485847617775,True,,O01,S001,713.5661199999887,778.8658000000014,318686.20128461556,2545556.1393129765,274.6537780761719,738.1199578500283,729.11791017913,319403.71984338487,2547077.978300633,274.6537780761719,109.2308517,23.0085095,109.2376722105139,23.022328358283573,37,17.40198584643929,23.349445625228284,解析遮挡集合+两类距离阈值根,开区间内状态恒定，边界瞬时见事件表
R05,巡航,650.9485847617775,742.3807580759678,直连,,70,R05,C,巡航,650.9485847617775,742.3807580759678,True,,O01,S001,738.1199578500283,729.11791017913,319403.71984338487,2547077.978300633,274.6537780761719,758.1348399999731,688.5662799999978,319988.5998724001,2548318.4942710963,274.6537780761719,109.2376722105139,23.022328358283573,109.2432319,23.0335927,37,2.240928291478639,4.444771472708652,解析遮挡集合+两类距离阈值根,开区间内状态恒定，边界瞬时见事件表
R05,下降,742.3807580759678,787.7076471140538,直连,,71,R05,C,下降,742.3807580759678,787.7076471140538,True,,O01,S001,758.1348399999731,688.5662799999978,319988.5998724001,2548318.4942710963,274.6537780761719,758.1348399999731,688.5662799999978,319988.5998724001,2548318.4942710963,184.0,109.2432319,23.0335927,109.2432319,23.0335927,38,2.240928291478639,2.245325220112207,解析遮挡集合+两类距离阈值根,开区间内状态恒定，边界瞬时见事件表
R05,整数秒等待,787.7076471140538,788.0,直连,,72,R05,C,整数秒等待,787.7076471140538,788.0,True,,O01,S001,758.1348399999731,688.5662799999978,319988.5998724001,2548318.4942710963,184.0,758.1348399999731,688.5662799999978,319988.5998724001,2548318.4942710963,184.0,109.2432319,23.0335927,109.2432319,23.0335927,39,2.247813117477804,2.247813117477804,解析遮挡集合+两类距离阈值根,开区间内状态恒定，边界瞬时见事件表
R05,交接,788.0,799.0,直连,,73,R05,C,交接,788.0,799.0,True,,O01,S001,758.1348399999731,688.5662799999978,319988.5998724001,2548318.4942710963,184.0,758.1348399999731,688.5662799999978,319988.5998724001,2548318.4942710963,184.0,109.2432319,23.0335927,109.2432319,23.0335927,40,2.247813117477804,2.247813117477804,解析遮挡集合+两类距离阈值根,开区间内状态恒定，边界瞬时见事件表
R05,交接,799.0,1184.0,直连,,74,R05,C,交接,799.0,1184.0,True,,O01,S001,758.1348399999731,688.5662799999978,319988.5998724001,2548318.4942710963,184.0,758.1348399999731,688.5662799999978,319988.5998724001,2548318.4942710963,184.0,109.2432319,23.0335927,109.2432319,23.0335927,40,2.247813117477804,2.247813117477804,解析遮挡集合+两类距离阈值根,开区间内状态恒定，边界瞬时见事件表
R05,爬升,1184.0,1220.2615112304688,直连,,75,R05,C,爬升,1184.0,1220.2615112304688,True,,S001,O01,758.1348399999731,688.5662799999978,319988.5998724001,2548318.4942710963,184.0,758.1348399999731,688.5662799999978,319988.5998724001,2548318.4942710963,274.6537780761719,109.2432319,23.0335927,109.2432319,23.0335927,41,2.240928291478639,2.245325220112207,解析遮挡集合+两类距离阈值根,开区间内状态恒定，边界瞬时见事件表
R05,巡航,1220.2615112304688,1271.8002227420225,直连,,76,R05,C,巡航,1220.2615112304688,1271.8002227420225,True,,S001,O01,758.1348399999731,688.5662799999978,319988.5998724001,2548318.4942710963,274.6537780761719,746.8528021825076,711.4245222725912,319658.91326437535,2547619.2371889367,274.6537780761719,109.2432319,23.0335927,109.24009800060625,23.027243188257614,42,2.240928291478639,3.4140283870261356,解析遮挡集合+两类距离阈值根,开区间内状态恒定，边界瞬时见事件表
R05,巡航,1271.8002227420225,1272.1747785598739,直连,,77,R05,C,巡航,1271.8002227420225,1272.1747785598739,True,,S001,O01,746.8528021825076,711.4245222725912,319658.91326437535,2547619.2371889367,274.6537780761719,746.7708103597047,711.5906437641449,319656.5172782616,2547614.155362081,274.6537780761719,109.24009800060625,23.027243188257614,109.24007522509993,23.027197043398846,42,4.770186213682351,4.780857257871588,解析遮挡集合+两类距离阈值根,开区间内状态恒定，边界瞬时见事件表
R05,巡航,1272.1747785598739,1311.6936845446592,直连,,78,R05,C,巡航,1272.1747785598739,1311.6936845446592,True,,S001,O01,746.7708103597047,711.5906437641449,319656.5172782616,2547614.155362081,274.6537780761719,738.1199578500283,729.11791017913,319403.71984338487,2547077.978300633,274.6537780761719,109.24007522509993,23.027197043398846,109.2376722105139,23.022328358283573,42,4.791541387277192,5.999469814733104,解析遮挡集合+两类距离阈值根,开区间内状态恒定，边界瞬时见事件表
R05,巡航,1311.6936845446592,1419.0,直连,,79,R05,C,巡航,1311.6936845446592,1419.0,True,,S001,O01,738.1199578500283,729.11791017913,319403.71984338487,2547077.978300633,274.6537780761719,714.6301601132602,776.709976106266,318717.294938211,2545622.088177618,274.6537780761719,109.2376722105139,23.022328358283573,109.23114726669813,23.00910833997048,42,17.40198584643929,22.98884372880343,解析遮挡集合+两类距离阈值根,开区间内状态恒定，边界瞬时见事件表
R05,巡航,1419.0,1423.860758075968,直连,,80,R05,C,巡航,1419.0,1423.860758075968,True,,S001,O01,714.6301601132602,776.709976106266,318717.294938211,2545622.088177618,274.6537780761719,713.5661199999887,778.8658000000014,318686.20128461556,2545556.1393129765,274.6537780761719,109.23114726669813,23.00910833997048,109.2308517,23.0085095,42,38.634878697793894,39.528747086883826,解析遮挡集合+两类距离阈值根,开区间内状态恒定，边界瞬时见事件表
R05,下降,1423.860758075968,1496.141588409269,直连,,81,R05,C,下降,1423.860758075968,1496.141588409269,True,,S001,O01,713.5661199999887,778.8658000000014,318686.20128461556,2545556.1393129765,274.6537780761719,713.5661199999887,778.8658000000014,318686.20128461556,2545556.1393129765,130.0921174095703,109.2308517,23.0085095,109.2308517,23.0085095,43,39.87286257032159,47.190325367486366,解析遮挡集合+两类距离阈值根,开区间内状态恒定，边界瞬时见事件表
R05,下降,1496.141588409269,1497.337647114054,直连,,82,R05,C,下降,1496.141588409269,1497.337647114054,True,,S001,O01,713.5661199999887,778.8658000000014,318686.20128461556,2545556.1393129765,130.0921174095703,713.5661199999887,778.8658000000014,318686.20128461556,2545556.1393129765,127.69999999999999,109.2308517,23.0085095,109.2308517,23.0085095,43,45.92517525248826,46.46079743223156,解析遮挡集合+两类距离阈值根,开区间内状态恒定，边界瞬时见事件表
R05,整数秒等待,1497.337647114054,1498.0,直连,,83,R05,C,整数秒等待,1497.337647114054,1498.0,True,,S001,O01,713.5661199999887,778.8658000000014,318686.20128461556,2545556.1393129765,127.7,713.5661199999887,778.8658000000014,318686.20128461556,2545556.1393129765,127.7,109.2308517,23.0085095,109.2308517,23.0085095,44,45.92517525248826,45.92517525248826,解析遮挡集合+两类距离阈值根,开区间内状态恒定，边界瞬时见事件表
R06,爬升,570.0,570.9568469638281,直连,,84,R06,C,爬升,570.0,570.9568469638281,True,,O01,S001,713.5661199999887,778.8658000000014,318686.20128461556,2545556.1393129765,127.7,713.5661199999887,778.8658000000014,318686.20128461556,2545556.1393129765,130.0921174095703,109.2308517,23.0085095,109.2308517,23.0085095,45,45.92517525248826,46.46079743223157,解析遮挡集合+两类距离阈值根,开区间内状态恒定，边界瞬时见事件表
R06,爬升,570.9568469638281,628.7815112304687,直连,,85,R06,C,爬升,570.9568469638281,628.7815112304687,True,,O01,S001,713.5661199999887,778.8658000000014,318686.20128461556,2545556.1393129765,130.0921174095703,713.5661199999887,778.8658000000014,318686.20128461556,2545556.1393129765,274.6537780761719,109.2308517,23.0085095,109.2308517,23.0085095,45,39.87286257032159,47.190325367486366,解析遮挡集合+两类距离阈值根,开区间内状态恒定，边界瞬时见事件表
R06,巡航,628.7815112304687,740.9485847617775,直连,,86,R06,C,巡航,628.7815112304687,740.9485847617775,True,,O01,S001,713.5661199999887,778.8658000000014,318686.20128461556,2545556.1393129765,274.6537780761719,738.1199578500283,729.11791017913,319403.71984338487,2547077.978300633,274.6537780761719,109.2308517,23.0085095,109.2376722105139,23.022328358283573,46,17.40198584643929,23.349445625228284,解析遮挡集合+两类距离阈值根,开区间内状态恒定，边界瞬时见事件表
R06,巡航,740.9485847617775,780.4674907465628,直连,,87,R06,C,巡航,740.9485847617775,780.4674907465628,True,,O01,S001,738.1199578500283,729.11791017913,319403.71984338487,2547077.978300633,274.6537780761719,746.7708103597047,711.5906437641449,319656.5172782616,2547614.155362081,274.6537780761719,109.2376722105139,23.022328358283573,109.24007522509993,23.027197043398846,46,4.791541387277192,5.999469814733104,解析遮挡集合+两类距离阈值根,开区间内状态恒定，边界瞬时见事件表
R06,巡航,780.4674907465628,780.8420465644143,直连,,88,R06,C,巡航,780.4674907465628,780.8420465644143,True,,O01,S001,746.7708103597047,711.5906437641449,319656.5172782616,2547614.155362081,274.6537780761719,746.8528021825077,711.424522272591,319658.91326437535,2547619.2371889367,274.6537780761719,109.24007522509993,23.027197043398846,109.24009800060625,23.027243188257614,46,4.770186213682351,4.780857257871588,解析遮挡集合+两类距离阈值根,开区间内状态恒定，边界瞬时见事件表
R06,巡航,780.8420465644143,799.0,直连,,89,R06,C,巡航,780.8420465644143,799.0,True,,O01,S001,746.8528021825077,711.424522272591,319658.91326437535,2547619.2371889367,274.6537780761719,750.827653538699,703.3711797145017,319775.06739204517,2547865.5971999844,274.6537780761719,109.24009800060625,23.027243188257614,109.24120212598298,23.029480227857082,46,3.7930917091431695,4.267944709014742,解析遮挡集合+两类距离阈值根,开区间内状态恒定，边界瞬时见事件表
R06,巡航,799.0,832.3807580759678,直连,,90,R06,C,巡航,799.0,832.3807580759678,True,,O01,S001,750.827653538699,703.3711797145017,319775.06739204517,2547865.5971999844,274.6537780761719,758.1348399999731,688.5662799999978,319988.5998724001,2548318.4942710963,274.6537780761719,109.24120212598298,23.029480227857082,109.2432319,23.0335927,46,2.240928291478639,2.9824559803437296,解析遮挡集合+两类距离阈值根,开区间内状态恒定，边界瞬时见事件表
R06,下降,832.3807580759678,877.7076471140538,直连,,91,R06,C,下降,832.3807580759678,877.7076471140538,True,,O01,S001,758.1348399999731,688.5662799999978,319988.5998724001,2548318.4942710963,274.6537780761719,758.1348399999731,688.5662799999978,319988.5998724001,2548318.4942710963,184.0,109.2432319,23.0335927,109.2432319,23.0335927,47,2.240928291478639,2.245325220112207,解析遮挡集合+两类距离阈值根,开区间内状态恒定，边界瞬时见事件表
R06,整数秒等待,877.7076471140538,878.0,直连,,92,R06,C,整数秒等待,877.7076471140538,878.0,True,,O01,S001,758.1348399999731,688.5662799999978,319988.5998724001,2548318.4942710963,184.0,758.1348399999731,688.5662799999978,319988.5998724001,2548318.4942710963,184.0,109.2432319,23.0335927,109.2432319,23.0335927,48,2.247813117477804,2.247813117477804,解析遮挡集合+两类距离阈值根,开区间内状态恒定，边界瞬时见事件表
R06,交接,878.0,1382.0,直连,,93,R06,C,交接,878.0,1382.0,True,,O01,S001,758.1348399999731,688.5662799999978,319988.5998724001,2548318.4942710963,184.0,758.1348399999731,688.5662799999978,319988.5998724001,2548318.4942710963,184.0,109.2432319,23.0335927,109.2432319,23.0335927,49,2.247813117477804,2.247813117477804,解析遮挡集合+两类距离阈值根,开区间内状态恒定，边界瞬时见事件表
R06,爬升,1382.0,1418.2615112304688,直连,,94,R06,C,爬升,1382.0,1418.2615112304688,True,,S001,O01,758.1348399999731,688.5662799999978,319988.5998724001,2548318.4942710963,184.0,758.1348399999731,688.5662799999978,319988.5998724001,2548318.4942710963,274.6537780761719,109.2432319,23.0335927,109.2432319,23.0335927,50,2.240928291478639,2.245325220112207,解析遮挡集合+两类距离阈值根,开区间内状态恒定，边界瞬时见事件表
R06,巡航,1418.2615112304688,1419.0,直连,,95,R06,C,巡航,1418.2615112304688,1419.0,True,,S001,O01,758.1348399999731,688.5662799999978,319988.5998724001,2548318.4942710963,274.6537780761719,757.9731817438532,688.8938115721783,319983.87585330167,2548308.4747442775,274.6537780761719,109.2432319,23.0335927,109.24318699492885,23.033501719007727,51,2.240928291478639,2.256667937298971,解析遮挡集合+两类距离阈值根,开区间内状态恒定，边界瞬时见事件表
R06,巡航,1419.0,1469.8002227420225,直连,,96,R06,C,巡航,1419.0,1469.8002227420225,True,,S001,O01,757.9731817438532,688.8938115721783,319983.87585330167,2548308.4747442775,274.6537780761719,746.8528021825076,711.4245222725912,319658.91326437535,2547619.2371889367,274.6537780761719,109.24318699492885,23.033501719007727,109.24009800060625,23.027243188257614,51,2.2724361069718952,3.432041552535992,解析遮挡集合+两类距离阈值根,开区间内状态恒定，边界瞬时见事件表
R06,巡航,1469.8002227420225,1470.1747785598739,直连,,97,R06,C,巡航,1469.8002227420225,1470.1747785598739,True,,S001,O01,746.8528021825076,711.4245222725912,319658.91326437535,2547619.2371889367,274.6537780761719,746.7708103597047,711.5906437641449,319656.5172782616,2547614.155362081,274.6537780761719,109.24009800060625,23.027243188257614,109.24007522509993,23.027197043398846,51,4.770186213682351,4.780857257871588,解析遮挡集合+两类距离阈值根,开区间内状态恒定，边界瞬时见事件表
R06,巡航,1470.1747785598739,1509.6936845446592,直连,,98,R06,C,巡航,1470.1747785598739,1509.6936845446592,True,,S001,O01,746.7708103597047,711.5906437641449,319656.5172782616,2547614.155362081,274.6537780761719,738.1199578500283,729.11791017913,319403.71984338487,2547077.978300633,274.6537780761719,109.24007522509993,23.027197043398846,109.2376722105139,23.022328358283573,51,4.791541387277192,5.999469814733104,解析遮挡集合+两类距离阈值根,开区间内状态恒定，边界瞬时见事件表
R06,巡航,1509.6936845446592,1621.860758075968,直连,,99,R06,C,巡航,1509.6936845446592,1621.860758075968,True,,S001,O01,738.1199578500283,729.11791017913,319403.71984338487,2547077.978300633,274.6537780761719,713.5661199999887,778.8658000000014,318686.20128461556,2545556.1393129765,274.6537780761719,109.2376722105139,23.022328358283573,109.2308517,23.0085095,51,17.40198584643929,23.349445625228284,解析遮挡集合+两类距离阈值根,开区间内状态恒定，边界瞬时见事件表
R06,下降,1621.860758075968,1694.141588409269,直连,,100,R06,C,下降,1621.860758075968,1694.141588409269,True,,S001,O01,713.5661199999887,778.8658000000014,318686.20128461556,2545556.1393129765,274.6537780761719,713.5661199999887,778.8658000000014,318686.20128461556,2545556.1393129765,130.0921174095703,109.2308517,23.0085095,109.2308517,23.0085095,52,39.87286257032159,47.190325367486366,解析遮挡集合+两类距离阈值根,开区间内状态恒定，边界瞬时见事件表
R06,下降,1694.141588409269,1695.337647114054,直连,,101,R06,C,下降,1694.141588409269,1695.337647114054,True,,S001,O01,713.5661199999887,778.8658000000014,318686.20128461556,2545556.1393129765,130.0921174095703,713.5661199999887,778.8658000000014,318686.20128461556,2545556.1393129765,127.69999999999999,109.2308517,23.0085095,109.2308517,23.0085095,52,45.92517525248826,46.46079743223156,解析遮挡集合+两类距离阈值根,开区间内状态恒定，边界瞬时见事件表
R06,整数秒等待,1695.337647114054,1696.0,直连,,102,R06,C,整数秒等待,1695.337647114054,1696.0,True,,S001,O01,713.5661199999887,778.8658000000014,318686.20128461556,2545556.1393129765,127.7,713.5661199999887,778.8658000000014,318686.20128461556,2545556.1393129765,127.7,109.2308517,23.0085095,109.2308517,23.0085095,53,45.92517525248826,45.92517525248826,解析遮挡集合+两类距离阈值根,开区间内状态恒定，边界瞬时见事件表
R07,爬升,374.0,374.7973724698568,直连,,103,R07,A,爬升,374.0,374.7973724698568,True,,O01,S010,713.5661199999887,778.8658000000014,318686.20128461556,2545556.1393129765,127.7,713.5661199999887,778.8658000000014,318686.20128461556,2545556.1393129765,130.0921174095703,109.2308517,23.0085095,109.2308517,23.0085095,54,45.92517525248826,46.46079743223157,解析遮挡集合+两类距离阈值根,开区间内状态恒定，边界瞬时见事件表
R07,爬升,374.7973724698568,475.24110310872396,直连,,104,R07,A,爬升,374.7973724698568,475.24110310872396,True,,O01,S010,713.5661199999887,778.8658000000014,318686.20128461556,2545556.1393129765,130.0921174095703,713.5661199999887,778.8658000000014,318686.20128461556,2545556.1393129765,431.4233093261719,109.2308517,23.0085095,109.2308517,23.0085095,54,32.887874830119486,39.46497405160406,解析遮挡集合+两类距离阈值根,开区间内状态恒定，边界瞬时见事件表
R07,巡航,475.24110310872396,617.3703545847723,直连,,105,R07,A,巡航,475.24110310872396,617.3703545847723,True,,O01,S010,713.5661199999887,778.8658000000014,318686.20128461556,2545556.1393129765,431.4233093261719,771.5271258242343,764.8887137357306,320341.6742564619,2545966.3996126726,431.4233093261719,109.2308517,23.0085095,109.24695197939563,23.012392023962295,55,17.189930229149184,22.873139997774288,解析遮挡集合+两类距离阈值根,开区间内状态恒定，边界瞬时见事件表
R07,巡航,617.3703545847723,732.6563804052759,直连,,106,R07,A,巡航,617.3703545847723,732.6563804052759,True,,O01,S010,771.5271258242343,764.8887137357306,320341.6742564619,2545966.3996126726,431.4233093261719,818.5413325736619,753.5514083519076,321684.48650513956,2546299.1761453897,431.4233093261719,109.24695197939563,23.012392023962295,109.26001148127047,23.015541275457803,55,2.1129786014228102,4.291035206565198,解析遮挡集合+两类距离阈值根,开区间内状态恒定，边界瞬时见事件表
R07,巡航,732.6563804052759,799.0,直连,,107,R07,A,巡航,732.6563804052759,799.0,True,,O01,S010,818.5413325736619,753.5514083519076,321684.48650513956,2546299.1761453897,431.4233093261719,845.5965860263923,747.0271321418434,322457.23432413465,2546490.678970988,431.4233093261719,109.26001148127047,23.015541275457803,109.26752682945178,23.017353574405043,55,0.1346159618499314,1.0679673520075141,解析遮挡集合+两类距离阈值根,开区间内状态恒定，边界瞬时见事件表
R07,巡航,799.0,804.0835360193652,直连,,108,R07,A,巡航,799.0,804.0835360193652,True,,O01,S010,845.5965860263923,747.0271321418434,322457.23432413465,2546490.678970988,431.4233093261719,847.6696769472703,746.5272137877234,322516.445615224,2546505.352748477,431.4233093261719,109.26752682945178,23.017353574405043,109.26810268804091,23.01749244061452,55,4.263256414560601e-14,0.06704856407333182,解析遮挡集合+两类距离阈值根,开区间内状态恒定，边界瞬时见事件表
R07,巡航,804.0835360193652,873.9473428019653,中继,J01,109,R07,A,巡航,804.0835360193652,873.9473428019653,False,J01,O01,S010,847.6696769472703,746.5272137877234,322516.445615224,2546505.352748477,431.4233093261719,876.1604799999596,739.6567599999942,323330.19537213724,2546707.016698796,431.4233093261719,109.26810268804091,23.01749244061452,109.2760168,23.0194009,55,2.382028224442422,-0.8727985218861818,解析遮挡集合+两类距离阈值根,开区间内状态恒定，边界瞬时见事件表
R07,下降,873.9473428019653,905.876666532434,中继,J01,110,R07,A,下降,873.9473428019653,905.876666532434,False,J01,O01,S010,876.1604799999596,739.6567599999942,323330.19537213724,2546707.016698796,431.4233093261719,876.1604799999596,739.6567599999942,323330.19537213724,2546707.016698796,351.6,109.2760168,23.0194009,109.2760168,23.0194009,56,2.382028224442422,-1.6621735920305127,解析遮挡集合+两类距离阈值根,开区间内状态恒定，边界瞬时见事件表
R07,整数秒等待,905.876666532434,906.0,中继,J01,111,R07,A,整数秒等待,905.876666532434,906.0,False,J01,O01,S010,876.1604799999596,739.6567599999942,323330.19537213724,2546707.016698796,351.6,876.1604799999596,739.6567599999942,323330.19537213724,2546707.016698796,351.6,109.2760168,23.0194009,109.2760168,23.0194009,57,2.382028224442422,-1.6587909449435472,解析遮挡集合+两类距离阈值根,开区间内状态恒定，边界瞬时见事件表
R07,交接,906.0,1116.0,中继,J01,112,R07,A,交接,906.0,1116.0,False,J01,O01,S010,876.1604799999596,739.6567599999942,323330.19537213724,2546707.016698796,351.6,876.1604799999596,739.6567599999942,323330.19537213724,2546707.016698796,351.6,109.2760168,23.0194009,109.2760168,23.0194009,58,2.382028224442422,-1.6587909449435472,解析遮挡集合+两类距离阈值根,开区间内状态恒定，边界瞬时见事件表
R07,爬升,1116.0,1142.6077697753906,中继,J01,113,R07,A,爬升,1116.0,1142.6077697753906,False,J01,S010,O01,876.1604799999596,739.6567599999942,323330.19537213724,2546707.016698796,351.6,876.1604799999596,739.6567599999942,323330.19537213724,2546707.016698796,431.4233093261719,109.2760168,23.0194009,109.2760168,23.0194009,59,2.382028224442422,-1.6621735920305127,解析遮挡集合+两类距离阈值根,开区间内状态恒定，边界瞬时见事件表
R07,巡航,1142.6077697753906,1212.4715765579908,中继,J01,114,R07,A,巡航,1142.6077697753906,1212.4715765579908,False,J01,S010,O01,876.1604799999596,739.6567599999942,323330.19537213724,2546707.016698796,431.4233093261719,847.6696769472703,746.5272137877234,322516.445615224,2546505.352748477,431.4233093261719,109.2760168,23.0194009,109.26810268804091,23.01749244061452,60,2.382028224442422,-0.8727985218861818,解析遮挡集合+两类距离阈值根,开区间内状态恒定，边界瞬时见事件表
R07,巡航,1212.4715765579908,1283.89873217208,直连,,115,R07,A,巡航,1212.4715765579908,1283.89873217208,True,,S010,O01,847.6696769472703,746.5272137877234,322516.445615224,2546505.352748477,431.4233093261719,818.5413325736619,753.5514083519076,321684.48650513956,2546299.1761453897,431.4233093261719,109.26810268804091,23.01749244061452,109.26001148127047,23.015541275457803,60,4.263256414560601e-14,0.9928153649118627,解析遮挡集合+两类距离阈值根,开区间内状态恒定，边界瞬时见事件表
R07,巡航,1283.89873217208,1399.1847579925834,直连,,116,R07,A,巡航,1283.89873217208,1399.1847579925834,True,,S010,O01,818.5413325736619,753.5514083519076,321684.48650513956,2546299.1761453897,431.4233093261719,771.5271258242343,764.8887137357306,320341.6742564619,2545966.3996126726,431.4233093261719,109.26001148127047,23.015541275457803,109.24695197939563,23.012392023962295,60,2.1129786014228102,4.291035206565198,解析遮挡集合+两类距离阈值根,开区间内状态恒定，边界瞬时见事件表
R07,巡航,1399.1847579925834,1419.0,直连,,117,R07,A,巡航,1399.1847579925834,1419.0,True,,S010,O01,771.5271258242343,764.8887137357306,320341.6742564619,2545966.3996126726,431.4233093261719,763.4463729498392,766.8373579733437,320110.87308616657,2545909.202328932,431.4233093261719,109.24695197939563,23.012392023962295,109.2447073258194,23.011850733896292,60,17.189930229149184,17.79940460479449,解析遮挡集合+两类距离阈值根,开区间内状态恒定，边界瞬时见事件表
R07,巡航,1419.0,1541.3140094686319,直连,,118,R07,A,巡航,1419.0,1541.3140094686319,True,,S010,O01,763.4463729498392,766.8373579733437,320110.87308616657,2545909.202328932,431.4233093261719,713.5661199999887,778.8658000000014,318686.20128461556,2545556.1393129765,431.4233093261719,109.2447073258194,23.011850733896292,109.2308517,23.0085095,60,18.453306625312308,24.028274279373065,解析遮挡集合+两类距离阈值根,开区间内状态恒定，边界瞬时见事件表
R07,下降,1541.3140094686319,1661.8464862352723,直连,,119,R07,A,下降,1541.3140094686319,1661.8464862352723,True,,S010,O01,713.5661199999887,778.8658000000014,318686.20128461556,2545556.1393129765,431.4233093261719,713.5661199999887,778.8658000000014,318686.20128461556,2545556.1393129765,130.09211740957033,109.2308517,23.0085095,109.2308517,23.0085095,61,32.887874830119486,39.46497405160406,解析遮挡集合+两类距离阈值根,开区间内状态恒定，边界瞬时见事件表
R07,下降,1661.8464862352723,1662.8033331991005,直连,,120,R07,A,下降,1661.8464862352723,1662.8033331991005,True,,S010,O01,713.5661199999887,778.8658000000014,318686.20128461556,2545556.1393129765,130.09211740957033,713.5661199999887,778.8658000000014,318686.20128461556,2545556.1393129765,127.69999999999999,109.2308517,23.0085095,109.2308517,23.0085095,61,45.92517525248826,46.46079743223157,解析遮挡集合+两类距离阈值根,开区间内状态恒定，边界瞬时见事件表
R07,整数秒等待,1662.8033331991005,1663.0,直连,,121,R07,A,整数秒等待,1662.8033331991005,1663.0,True,,S010,O01,713.5661199999887,778.8658000000014,318686.20128461556,2545556.1393129765,127.7,713.5661199999887,778.8658000000014,318686.20128461556,2545556.1393129765,127.7,109.2308517,23.0085095,109.2308517,23.0085095,62,45.92517525248826,45.92517525248826,解析遮挡集合+两类距离阈值根,开区间内状态恒定，边界瞬时见事件表
R08,爬升,430.0,430.7973724698568,直连,,122,R08,A,爬升,430.0,430.7973724698568,True,,O01,S013,713.5661199999887,778.8658000000014,318686.20128461556,2545556.1393129765,127.7,713.5661199999887,778.8658000000014,318686.20128461556,2545556.1393129765,130.0921174095703,109.2308517,23.0085095,109.2308517,23.0085095,63,45.92517525248826,46.46079743223157,解析遮挡集合+两类距离阈值根,开区间内状态恒定，边界瞬时见事件表
R08,爬升,430.7973724698568,519.2551106770834,直连,,123,R08,A,爬升,430.7973724698568,519.2551106770834,True,,O01,S013,713.5661199999887,778.8658000000014,318686.20128461556,2545556.1393129765,130.0921174095703,713.5661199999887,778.8658000000014,318686.20128461556,2545556.1393129765,395.46533203125,109.2308517,23.0085095,109.2308517,23.0085095,63,34.06496439218431,40.72587435617402,解析遮挡集合+两类距离阈值根,开区间内状态恒定，边界瞬时见事件表
R08,巡航,519.2551106770834,731.8966244749203,直连,,124,R08,A,巡航,519.2551106770834,731.8966244749203,True,,O01,S013,713.5661199999887,778.8658000000014,318686.20128461556,2545556.1393129765,395.46533203125,790.348127158384,736.093932077036,320888.06355801184,2546845.6997253606,395.46533203125,109.2308517,23.0085095,109.25218003532179,23.020390574423043,64,13.768435394388675,19.669019607756937,解析遮挡集合+两类距离阈值根,开区间内状态恒定，边界瞬时见事件表
R08,巡航,731.8966244749203,799.0,直连,,125,R08,A,巡航,731.8966244749203,799.0,True,,O01,S013,790.348127158384,736.093932077036,320888.06355801184,2546845.6997253606,395.46533203125,814.5782587441553,722.5963950068638,321582.90619878937,2547252.6468687896,395.46533203125,109.25218003532179,23.020390574423043,109.25891062742893,23.02413989027587,64,1.4033131976881634,2.5061902939648633,解析遮挡集合+两类距离阈值根,开区间内状态恒定，边界瞬时见事件表
R08,巡航,799.0,848.2992760129946,直连,,126,R08,A,巡航,799.0,848.2992760129946,True,,O01,S013,814.5782587441553,722.5963950068638,321582.90619878937,2547252.6468687896,395.46533203125,832.3795680751838,712.6800711213485,322093.3907886516,2547551.6213896633,395.46533203125,109.25891062742893,23.02413989027587,109.26385543557645,23.026894424688514,64,-8.526512829121202e-14,0.6734777182748815,解析遮挡集合+两类距离阈值根,开区间内状态恒定，边界瞬时见事件表
R08,巡航,848.2992760129946,923.3573641125467,中继,J01,127,R08,A,巡航,848.2992760129946,923.3573641125467,False,J01,O01,S013,832.3795680751838,712.6800711213485,322093.3907886516,2547551.6213896633,395.46533203125,859.4820399999952,697.5824799999999,322870.6029592571,2548006.809736067,395.46533203125,109.26385543557645,23.026894424688514,109.2713839,23.0310882,64,2.382028224442422,-0.9348202331144648,解析遮挡集合+两类距离阈值根,开区间内状态恒定，边界瞬时见事件表
R08,下降,923.3573641125467,940.8634969250468,中继,J01,128,R08,A,下降,923.3573641125467,940.8634969250468,False,J01,O01,S013,859.4820399999952,697.5824799999999,322870.6029592571,2548006.809736067,395.46533203125,859.4820399999952,697.5824799999999,322870.6029592571,2548006.809736067,351.7,109.2713839,23.0310882,109.2713839,23.0310882,65,2.382028224442422,-1.7770883363631214,解析遮挡集合+两类距离阈值根,开区间内状态恒定，边界瞬时见事件表
R08,整数秒等待,940.8634969250468,941.0,中继,J01,129,R08,A,整数秒等待,940.8634969250468,941.0,False,J01,O01,S013,859.4820399999952,697.5824799999999,322870.6029592571,2548006.809736067,351.7,859.4820399999952,697.5824799999999,322870.6029592571,2548006.809736067,351.7,109.2713839,23.0310882,109.2713839,23.0310882,66,2.382028224442422,-1.7753543933466034,解析遮挡集合+两类距离阈值根,开区间内状态恒定，边界瞬时见事件表
R08,交接,941.0,1151.0,中继,J01,130,R08,A,交接,941.0,1151.0,False,J01,O01,S013,859.4820399999952,697.5824799999999,322870.6029592571,2548006.809736067,351.7,859.4820399999952,697.5824799999999,322870.6029592571,2548006.809736067,351.7,109.2713839,23.0310882,109.2713839,23.0310882,67,2.382028224442422,-1.7753543933466034,解析遮挡集合+两类距离阈值根,开区间内状态恒定，边界瞬时见事件表
R08,爬升,1151.0,1165.5884440104167,中继,J01,131,R08,A,爬升,1151.0,1165.5884440104167,False,J01,S013,O01,859.4820399999952,697.5824799999999,322870.6029592571,2548006.809736067,351.7,859.4820399999952,697.5824799999999,322870.6029592571,2548006.809736067,395.46533203125,109.2713839,23.0310882,109.2713839,23.0310882,68,2.382028224442422,-1.7770883363631214,解析遮挡集合+两类距离阈值根,开区间内状态恒定，边界瞬时见事件表
R08,巡航,1165.5884440104167,1240.6465321099688,中继,J01,132,R08,A,巡航,1165.5884440104167,1240.6465321099688,False,J01,S013,O01,859.4820399999952,697.5824799999999,322870.6029592571,2548006.809736067,395.46533203125,832.3795680751838,712.6800711213485,322093.3907886516,2547551.6213896633,395.46533203125,109.2713839,23.0310882,109.26385543557645,23.026894424688514,69,2.382028224442422,-0.9348202331144648,解析遮挡集合+两类距离阈值根,开区间内状态恒定，边界瞬时见事件表
R08,巡航,1240.6465321099688,1357.0491836480433,直连,,133,R08,A,巡航,1240.6465321099688,1357.0491836480433,True,,S013,O01,832.3795680751838,712.6800711213485,322093.3907886516,2547551.6213896633,395.46533203125,790.3481271583839,736.0939320770361,320888.06355801184,2546845.6997253606,395.46533203125,109.26385543557645,23.026894424688514,109.25218003532179,23.020390574423043,69,-8.526512829121202e-14,1.682637361619257,解析遮挡集合+两类距离阈值根,开区间内状态恒定，边界瞬时见事件表
R08,巡航,1357.0491836480433,1419.0,直连,,134,R08,A,巡航,1357.0491836480433,1419.0,True,,S013,O01,790.3481271583839,736.0939320770361,320888.06355801184,2546845.6997253606,395.46533203125,767.9785157892386,748.5550554362544,320246.5746836373,2546470.000178948,395.46533203125,109.25218003532179,23.020390574423043,109.2459662543859,23.016929151267707,69,13.768435394388675,15.120932355884605,解析遮挡集合+两类距离阈值根,开区间内状态恒定，边界瞬时见事件表
R08,巡航,1419.0,1569.69069744588,直连,,135,R08,A,巡航,1419.0,1569.69069744588,True,,S013,O01,767.9785157892386,748.5550554362544,320246.5746836373,2546470.000178948,395.46533203125,713.5661199999887,778.8658000000014,318686.20128461556,2545556.1393129765,395.46533203125,109.2459662543859,23.016929151267707,109.2308517,23.0085095,69,16.719644905495073,22.506556602201712,解析遮挡集合+两类距离阈值根,开区间内状态恒定，边界瞬时见事件表
R08,下降,1569.69069744588,1675.8399832945518,直连,,136,R08,A,下降,1569.69069744588,1675.8399832945518,True,,S013,O01,713.5661199999887,778.8658000000014,318686.20128461556,2545556.1393129765,395.46533203125,713.5661199999887,778.8658000000014,318686.20128461556,2545556.1393129765,130.09211740957033,109.2308517,23.0085095,109.2308517,23.0085095,70,34.06496439218431,40.72587435617402,解析遮挡集合+两类距离阈值根,开区间内状态恒定，边界瞬时见事件表
R08,下降,1675.8399832945518,1676.79683025838,直连,,137,R08,A,下降,1675.8399832945518,1676.79683025838,True,,S013,O01,713.5661199999887,778.8658000000014,318686.20128461556,2545556.1393129765,130.09211740957033,713.5661199999887,778.8658000000014,318686.20128461556,2545556.1393129765,127.69999999999999,109.2308517,23.0085095,109.2308517,23.0085095,70,45.92517525248826,46.46079743223157,解析遮挡集合+两类距离阈值根,开区间内状态恒定，边界瞬时见事件表
R08,整数秒等待,1676.79683025838,1677.0,直连,,138,R08,A,整数秒等待,1676.79683025838,1677.0,True,,S013,O01,713.5661199999887,778.8658000000014,318686.20128461556,2545556.1393129765,127.7,713.5661199999887,778.8658000000014,318686.20128461556,2545556.1393129765,127.7,109.2308517,23.0085095,109.2308517,23.0085095,71,45.92517525248826,45.92517525248826,解析遮挡集合+两类距离阈值根,开区间内状态恒定，边界瞬时见事件表
R09,爬升,1598.0,1598.7973724698568,直连,,139,R09,B,爬升,1598.0,1598.7973724698568,True,,O01,S012,713.5661199999887,778.8658000000014,318686.20128461556,2545556.1393129765,127.7,713.5661199999887,778.8658000000014,318686.20128461556,2545556.1393129765,130.0921174095703,109.2308517,23.0085095,109.2308517,23.0085095,72,45.92517525248826,46.46079743223157,解析遮挡集合+两类距离阈值根,开区间内状态恒定，边界瞬时见事件表
R09,爬升,1598.7973724698568,1693.537489827474,直连,,140,R09,B,爬升,1598.7973724698568,1693.537489827474,True,,O01,S012,713.5661199999887,778.8658000000014,318686.20128461556,2545556.1393129765,130.0921174095703,713.5661199999887,778.8658000000014,318686.20128461556,2545556.1393129765,414.3124694824219,109.2308517,23.0085095,109.2308517,23.0085095,72,33.428166015091335,40.042228133636115,解析遮挡集合+两类距离阈值根,开区间内状态恒定，边界瞬时见事件表
R09,巡航,1693.537489827474,1908.417596642592,直连,,141,R09,B,巡航,1693.537489827474,1908.417596642592,True,,O01,S012,713.5661199999887,778.8658000000014,318686.20128461556,2545556.1393129765,414.3124694824219,795.6556932817048,706.7139888268969,321049.68878313043,2547747.7039168524,414.3124694824219,109.2308517,23.0085095,109.25365435924492,23.028551669770305,73,11.750412326388371,17.683364556093068,解析遮挡集合+两类距离阈值根,开区间内状态恒定，边界瞬时见事件表
R09,巡航,1908.417596642592,1952.0,直连,,142,R09,B,巡航,1908.417596642592,1952.0,True,,O01,S012,795.6556932817048,706.7139888268969,321049.68878313043,2547747.7039168524,414.3124694824219,812.305261020795,692.0800174271184,321529.0559382254,2548192.201334345,414.3124694824219,109.25365435924492,23.028551669770305,109.25827923917245,23.0326166618258,73,0.15550879319495436,0.9166119006183067,解析遮挡集合+两类距离阈值根,开区间内状态恒定，边界瞬时见事件表
R09,巡航,1952.0,1956.6909683711167,直连,,143,R09,B,巡航,1952.0,1956.6909683711167,True,,O01,S012,812.305261020795,692.0800174271184,321529.0559382254,2548192.201334345,414.3124694824219,814.097328223155,690.5048978446295,321580.6523622285,2548240.044573035,414.3124694824219,109.25827923917245,23.0326166618258,109.25877703561754,23.033054195043157,73,-1.2789769243681803e-13,0.0774079965384118,解析遮挡集合+两类距离阈值根,开区间内状态恒定，边界瞬时见事件表
R09,巡航,1956.6909683711167,1963.9876017838467,中继,J03,144,R09,B,巡航,1956.6909683711167,1963.9876017838467,False,J03,O01,S012,814.097328223155,690.5048978446295,321580.6523622285,2548240.044573035,414.3124694824219,816.8848246188054,688.0548557071893,321660.9087531427,2548314.46301852,414.3124694824219,109.25877703561754,23.033054195043157,109.2595513401719,23.033734762303556,73,9.5375273258461,-0.11905691318661127,解析遮挡集合+两类距离阈值根,开区间内状态恒定，边界瞬时见事件表
R09,巡航,1963.9876017838467,2186.23403824536,中继,J03,145,R09,B,巡航,1963.9876017838467,2186.23403824536,False,J03,O01,S012,816.8848246188054,688.0548557071893,321660.9087531427,2548314.46301852,414.3124694824219,901.7885199999921,613.4295999999994,324105.41923832323,2550581.156900544,414.3124694824219,109.2595513401719,23.033734762303556,109.2831357,23.054464,73,9.999999999999986,-3.217023433573914,解析遮挡集合+两类距离阈值根,开区间内状态恒定，边界瞬时见事件表
R09,下降,2186.23403824536,2240.0390260383288,中继,J03,146,R09,B,下降,2186.23403824536,2240.0390260383288,False,J03,O01,S012,901.7885199999921,613.4295999999994,324105.41923832323,2550581.156900544,414.3124694824219,901.7885199999921,613.4295999999994,324105.41923832323,2550581.156900544,279.8,109.2831357,23.054464,109.2831357,23.054464,74,10.319623299639517,-5.430799374404501,解析遮挡集合+两类距离阈值根,开区间内状态恒定，边界瞬时见事件表
R09,整数秒等待,2240.0390260383288,2241.0,中继,J03,147,R09,B,整数秒等待,2240.0390260383288,2241.0,False,J03,O01,S012,901.7885199999921,613.4295999999994,324105.41923832323,2550581.156900544,279.8,901.7885199999921,613.4295999999994,324105.41923832323,2550581.156900544,279.8,109.2831357,23.054464,109.2831357,23.054464,75,10.319623299639517,-5.429027739701169,解析遮挡集合+两类距离阈值根,开区间内状态恒定，边界瞬时见事件表
R09,交接,2241.0,2481.0,中继,J03,148,R09,B,交接,2241.0,2481.0,False,J03,O01,S012,901.7885199999921,613.4295999999994,324105.41923832323,2550581.156900544,279.8,901.7885199999921,613.4295999999994,324105.41923832323,2550581.156900544,279.8,109.2831357,23.054464,109.2831357,23.054464,76,10.319623299639517,-5.429027739701169,解析遮挡集合+两类距离阈值根,开区间内状态恒定，边界瞬时见事件表
R09,爬升,2481.0,2525.8374898274737,中继,J03,149,R09,B,爬升,2481.0,2525.8374898274737,False,J03,S012,O01,901.7885199999921,613.4295999999994,324105.41923832323,2550581.156900544,279.8,901.7885199999921,613.4295999999994,324105.41923832323,2550581.156900544,414.3124694824219,109.2831357,23.054464,109.2831357,23.054464,77,10.319623299639517,-5.430799374404501,解析遮挡集合+两类距离阈值根,开区间内状态恒定，边界瞬时见事件表
R09,巡航,2525.8374898274737,2748.083926288987,中继,J03,150,R09,B,巡航,2525.8374898274737,2748.083926288987,False,J03,S012,O01,901.7885199999921,613.4295999999994,324105.41923832323,2550581.156900544,414.3124694824219,816.8848246188054,688.0548557071894,321660.9087531427,2548314.46301852,414.3124694824219,109.2831357,23.054464,109.2595513401719,23.033734762303556,78,9.999999999999986,-3.217023433573914,解析遮挡集合+两类距离阈值根,开区间内状态恒定，边界瞬时见事件表
R09,巡航,2748.083926288987,2755.380559701717,中继,J03,151,R09,B,巡航,2748.083926288987,2755.380559701717,False,J03,S012,O01,816.8848246188054,688.0548557071894,321660.9087531427,2548314.46301852,414.3124694824219,814.097328223155,690.5048978446295,321580.6523622285,2548240.044573035,414.3124694824219,109.2595513401719,23.033734762303556,109.25877703561754,23.033054195043157,78,9.5375273258461,-0.11905691318661127,解析遮挡集合+两类距离阈值根,开区间内状态恒定，边界瞬时见事件表
R09,巡航,2755.380559701717,2803.6539314302418,直连,,152,R09,B,巡航,2755.380559701717,2803.6539314302418,True,,S012,O01,814.097328223155,690.5048978446295,321580.6523622285,2548240.044573035,414.3124694824219,795.6556932817048,706.7139888268969,321049.68878313043,2547747.7039168524,414.3124694824219,109.25877703561754,23.033054195043157,109.25365435924492,23.028551669770305,78,-1.2789769243681803e-13,0.8314315698052184,解析遮挡集合+两类距离阈值根,开区间内状态恒定，边界瞬时见事件表
R09,巡航,2803.6539314302418,3018.5340382453596,直连,,153,R09,B,巡航,2803.6539314302418,3018.5340382453596,True,,S012,O01,795.6556932817048,706.7139888268969,321049.68878313043,2547747.7039168524,414.3124694824219,713.5661199999887,778.8658000000014,318686.20128461556,2545556.1393129765,414.3124694824219,109.25365435924492,23.028551669770305,109.2308517,23.0085095,78,11.750412326388371,17.683364556093068,解析遮挡集合+两类距离阈值根,开区间内状态恒定，边界瞬时见事件表
R09,下降,3018.5340382453596,3129.731448943217,直连,,154,R09,B,下降,3018.5340382453596,3129.731448943217,True,,S012,O01,713.5661199999887,778.8658000000014,318686.20128461556,2545556.1393129765,414.3124694824219,713.5661199999887,778.8658000000014,318686.20128461556,2545556.1393129765,136.3189427377783,109.2308517,23.0085095,109.2308517,23.0085095,79,33.428166015091335,39.82769260954079,解析遮挡集合+两类距离阈值根,开区间内状态恒定，边界瞬时见事件表
R09,下降,3129.731448943217,3132.2221790745,直连,,155,R09,B,下降,3129.731448943217,3132.2221790745,True,,S012,O01,713.5661199999887,778.8658000000014,318686.20128461556,2545556.1393129765,136.3189427377783,713.5661199999887,778.8658000000014,318686.20128461556,2545556.1393129765,130.09211740957033,109.2308517,23.0085095,109.2308517,23.0085095,79,57.031632492284274,58.72172841566077,解析遮挡集合+两类距离阈值根,开区间内状态恒定，边界瞬时见事件表
R09,下降,3132.2221790745,3133.179026038328,直连,,156,R09,B,下降,3132.2221790745,3133.179026038328,True,,S012,O01,713.5661199999887,778.8658000000014,318686.20128461556,2545556.1393129765,130.09211740957033,713.5661199999887,778.8658000000014,318686.20128461556,2545556.1393129765,127.69999999999999,109.2308517,23.0085095,109.2308517,23.0085095,79,45.92517525248826,46.46079743223157,解析遮挡集合+两类距离阈值根,开区间内状态恒定，边界瞬时见事件表
R09,整数秒等待,3133.179026038328,3134.0,直连,,157,R09,B,整数秒等待,3133.179026038328,3134.0,True,,S012,O01,713.5661199999887,778.8658000000014,318686.20128461556,2545556.1393129765,127.7,713.5661199999887,778.8658000000014,318686.20128461556,2545556.1393129765,127.7,109.2308517,23.0085095,109.2308517,23.0085095,80,45.92517525248826,45.92517525248826,解析遮挡集合+两类距离阈值根,开区间内状态恒定，边界瞬时见事件表
R10,爬升,1704.0,1704.7973724698568,直连,,158,R10,A,爬升,1704.0,1704.7973724698568,True,,O01,S009,713.5661199999887,778.8658000000014,318686.20128461556,2545556.1393129765,127.7,713.5661199999887,778.8658000000014,318686.20128461556,2545556.1393129765,130.0921174095703,109.2308517,23.0085095,109.2308517,23.0085095,81,45.92517525248826,46.46079743223157,解析遮挡集合+两类距离阈值根,开区间内状态恒定，边界瞬时见事件表
R10,爬升,1704.7973724698568,1758.6662587483725,直连,,159,R10,A,爬升,1704.7973724698568,1758.6662587483725,True,,O01,S009,713.5661199999887,778.8658000000014,318686.20128461556,2545556.1393129765,130.0921174095703,713.5661199999887,778.8658000000014,318686.20128461556,2545556.1393129765,291.6987762451172,109.2308517,23.0085095,109.2308517,23.0085095,81,38.77859913945332,45.93205938777639,解析遮挡集合+两类距离阈值根,开区间内状态恒定，边界瞬时见事件表
R10,巡航,1758.6662587483725,1917.9324484115896,直连,,160,R10,A,巡航,1758.6662587483725,1917.9324484115896,True,,O01,S009,713.5661199999887,778.8658000000014,318686.20128461556,2545556.1393129765,291.6987762451172,741.6542547969814,722.4386864194646,319506.7004694977,2547282.246102276,291.6987762451172,109.2308517,23.0085095,109.23865395966584,23.024183698216813,82,16.29509388553292,22.242764261055754,解析遮挡集合+两类距离阈值根,开区间内状态恒定，边界瞬时见事件表
R10,巡航,1917.9324484115896,1952.0,直连,,161,R10,A,巡航,1917.9324484115896,1952.0,True,,O01,S009,741.6542547969814,722.4386864194646,319506.7004694977,2547282.246102276,291.6987762451172,747.6623974118214,710.3687448521115,319682.2078911817,2547651.4659110494,291.6987762451172,109.23865395966584,23.024183698216813,109.24032288816996,23.0275364597633,82,4.619298201698044,5.417031840806104,解析遮挡集合+两类距离阈值根,开区间内状态恒定，边界瞬时见事件表
R10,巡航,1952.0,2088.139123157355,直连,,162,R10,A,巡航,1952.0,2088.139123157355,True,,O01,S009,747.6623974118214,710.3687448521115,319682.2078911817,2547651.4659110494,291.6987762451172,771.6718500801758,662.1354206205285,320383.5622703967,2549126.924483067,291.6987762451172,109.24032288816996,23.0275364597633,109.24699218057783,23.040934605383185,82,-4.121147867408581e-13,2.006786435937215,解析遮挡集合+两类距离阈值根,开区间内状态恒定，边界瞬时见事件表
R10,巡航,2088.139123157355,2234.0953270520818,中继,J03,163,R10,A,巡航,2088.139123157355,2234.0953270520818,False,J03,O01,S009,771.6718500801758,662.1354206205285,320383.5622703967,2549126.924483067,291.6987762451172,797.4126400000042,610.4239599999959,321135.4917701691,2550708.7793325847,291.6987762451172,109.24699218057783,23.040934605383185,109.2541424,23.0552989,82,6.852025405578104,-1.7359686523094808,解析遮挡集合+两类距离阈值根,开区间内状态恒定，边界瞬时见事件表
R10,下降,2234.0953270520818,2258.7748375501287,中继,J03,164,R10,A,下降,2234.0953270520818,2258.7748375501287,False,J03,O01,S009,797.4126400000042,610.4239599999959,321135.4917701691,2550708.7793325847,291.6987762451172,797.4126400000042,610.4239599999959,321135.4917701691,2550708.7793325847,230.0,109.2541424,23.0552989,109.2541424,23.0552989,83,8.439762288340688,-3.1812723122630047,解析遮挡集合+两类距离阈值根,开区间内状态恒定，边界瞬时见事件表
R10,整数秒等待,2258.7748375501287,2259.0,中继,J03,165,R10,A,整数秒等待,2258.7748375501287,2259.0,False,J03,O01,S009,797.4126400000042,610.4239599999959,321135.4917701691,2550708.7793325847,230.0,797.4126400000042,610.4239599999959,321135.4917701691,2550708.7793325847,230.0,109.2541424,23.0552989,109.2541424,23.0552989,84,8.439762288340688,-3.1804680445287943,解析遮挡集合+两类距离阈值根,开区间内状态恒定，边界瞬时见事件表
R10,交接,2259.0,2439.0,中继,J03,166,R10,A,交接,2259.0,2439.0,False,J03,O01,S009,797.4126400000042,610.4239599999959,321135.4917701691,2550708.7793325847,230.0,797.4126400000042,610.4239599999959,321135.4917701691,2550708.7793325847,230.0,109.2541424,23.0552989,109.2541424,23.0552989,85,8.439762288340688,-3.1804680445287943,解析遮挡集合+两类距离阈值根,开区间内状态恒定，边界瞬时见事件表
R10,爬升,2439.0,2486.672434488932,中继,J03,167,R10,A,爬升,2439.0,2486.672434488932,False,J03,S009,S013,797.4126400000042,610.4239599999959,321135.4917701691,2550708.7793325847,230.0,797.4126400000042,610.4239599999959,321135.4917701691,2550708.7793325847,373.0173034667969,109.2541424,23.0552989,109.2541424,23.0552989,86,8.439762288340688,-3.1827197826969353,解析遮挡集合+两类距离阈值根,开区间内状态恒定，边界瞬时见事件表
R10,巡航,2486.672434488932,2522.777107537348,中继,J03,168,R10,A,巡航,2486.672434488932,2522.777107537348,False,J03,S009,S013,797.4126400000042,610.4239599999959,321135.4917701691,2550708.7793325847,373.0173034667969,805.7872875792165,622.1837303300757,321369.59979633597,2550344.218967242,373.0173034667969,109.2541424,23.0552989,109.25646869099423,23.052032297130534,87,8.521864406378256,-3.0154044443662684,解析遮挡集合+两类距离阈值根,开区间内状态恒定，边界瞬时见事件表
R10,巡航,2522.777107537348,2754.2652343189434,中继,J03,169,R10,A,巡航,2522.777107537348,2754.2652343189434,False,J03,S009,S013,805.7872875792165,622.1837303300757,321369.59979633597,2550344.218967242,373.0173034667969,859.4820399999952,697.5824799999999,322870.6029592571,2548006.809736067,373.0173034667969,109.25646869099423,23.052032297130534,109.2713839,23.0310882,87,10.000000000000128,-2.0235921539036497,解析遮挡集合+两类距离阈值根,开区间内状态恒定，边界瞬时见事件表
R10,下降,2754.2652343189434,2762.792155705662,中继,J03,170,R10,A,下降,2754.2652343189434,2762.792155705662,False,J03,S009,S013,859.4820399999952,697.5824799999999,322870.6029592571,2548006.809736067,373.0173034667969,859.4820399999952,697.5824799999999,322870.6029592571,2548006.809736067,351.7,109.2713839,23.0310882,109.2713839,23.0310882,88,10.319623299639517,-1.7761770006612068,解析遮挡集合+两类距离阈值根,开区间内状态恒定，边界瞬时见事件表
R10,整数秒等待,2762.792155705662,2763.0,中继,J03,171,R10,A,整数秒等待,2762.792155705662,2763.0,False,J03,S009,S013,859.4820399999952,697.5824799999999,322870.6029592571,2548006.809736067,351.7,859.4820399999952,697.5824799999999,322870.6029592571,2548006.809736067,351.7,109.2713839,23.0310882,109.2713839,23.0310882,89,10.319623299639517,-1.7753543933466034,解析遮挡集合+两类距离阈值根,开区间内状态恒定，边界瞬时见事件表
R10,交接,2763.0,2943.0,中继,J03,172,R10,A,交接,2763.0,2943.0,False,J03,S009,S013,859.4820399999952,697.5824799999999,322870.6029592571,2548006.809736067,351.7,859.4820399999952,697.5824799999999,322870.6029592571,2548006.809736067,351.7,109.2713839,23.0310882,109.2713839,23.0310882,90,10.319623299639517,-1.7753543933466034,解析遮挡集合+两类距离阈值根,开区间内状态恒定，边界瞬时见事件表
R10,爬升,2943.0,2991.1213521321615,中继,J03,173,R10,A,爬升,2943.0,2991.1213521321615,False,J03,S013,S010,859.4820399999952,697.5824799999999,322870.6029592571,2548006.809736067,351.7,859.4820399999952,697.5824799999999,322870.6029592571,2548006.809736067,496.0640563964844,109.2713839,23.0310882,109.2713839,23.0310882,91,10.319623299639517,-1.7817397774920352,解析遮挡集合+两类距离阈值根,开区间内状态恒定，边界瞬时见事件表
R10,巡航,2991.1213521321615,3026.731427512144,中继,J03,174,R10,A,巡航,2991.1213521321615,3026.731427512144,False,J03,S013,S010,859.4820399999952,697.5824799999999,322870.6029592571,2548006.809736067,496.0640563964844,864.6516079653586,710.6236187428418,323013.05598332617,2547603.9322219174,496.0640563964844,109.2713839,23.0310882,109.27281989110149,23.027465661460322,92,10.000000000000384,-1.7260636490660772,解析遮挡集合+两类距离阈值根,开区间内状态恒定，边界瞬时见事件表
R10,巡航,3026.731427512144,3106.0091937465036,中继,J03,175,R10,A,巡航,3026.731427512144,3106.0091937465036,False,J03,S013,S010,864.6516079653586,710.6236187428418,323013.05598332617,2547603.9322219174,496.0640563964844,876.1604799999596,739.6567599999942,323330.19537213724,2546707.016698796,496.0640563964844,109.27281989110149,23.027465661460322,109.2760168,23.0194009,92,6.77195047867545,-1.6332423165224554,解析遮挡集合+两类距离阈值根,开区间内状态恒定，边界瞬时见事件表
R10,下降,3106.0091937465036,3163.7948163050974,中继,J03,176,R10,A,下降,3106.0091937465036,3163.7948163050974,False,J03,S013,S010,876.1604799999596,739.6567599999942,323330.19537213724,2546707.016698796,496.0640563964844,876.1604799999596,739.6567599999942,323330.19537213724,2546707.016698796,351.6,109.2760168,23.0194009,109.2760168,23.0194009,93,6.734719897105364,-1.6653523917298827,解析遮挡集合+两类距离阈值根,开区间内状态恒定，边界瞬时见事件表
R10,整数秒等待,3163.7948163050974,3164.0,中继,J03,177,R10,A,整数秒等待,3163.7948163050974,3164.0,False,J03,S013,S010,876.1604799999596,739.6567599999942,323330.19537213724,2546707.016698796,351.6,876.1604799999596,739.6567599999942,323330.19537213724,2546707.016698796,351.6,109.2760168,23.0194009,109.2760168,23.0194009,94,6.734719897105364,-1.6587909449435472,解析遮挡集合+两类距离阈值根,开区间内状态恒定，边界瞬时见事件表
R10,交接,3164.0,3277.0,中继,J03,178,R10,A,交接,3164.0,3277.0,False,J03,S013,S010,876.1604799999596,739.6567599999942,323330.19537213724,2546707.016698796,351.6,876.1604799999596,739.6567599999942,323330.19537213724,2546707.016698796,351.6,109.2760168,23.0194009,109.2760168,23.0194009,95,6.734719897105364,-1.6587909449435472,解析遮挡集合+两类距离阈值根,开区间内状态恒定，边界瞬时见事件表
R10,交接,3277.0,3344.0,中继,J03,179,R10,A,交接,3277.0,3344.0,False,J03,S013,S010,876.1604799999596,739.6567599999942,323330.19537213724,2546707.016698796,351.6,876.1604799999596,739.6567599999942,323330.19537213724,2546707.016698796,351.6,109.2760168,23.0194009,109.2760168,23.0194009,95,6.734719897105364,-1.6587909449435472,解析遮挡集合+两类距离阈值根,开区间内状态恒定，边界瞬时见事件表
R10,爬升,3344.0,3346.49370313027,中继,J03,180,R10,A,爬升,3344.0,3346.49370313027,False,J03,S010,O01,876.1604799999596,739.6567599999942,323330.19537213724,2546707.016698796,351.6,876.1604799999596,739.6567599999942,323330.19537213724,2546707.016698796,359.08110939081035,109.2760168,23.0194009,109.2760168,23.0194009,96,6.734719897105364,-1.659082460524857,解析遮挡集合+两类距离阈值根,开区间内状态恒定，边界瞬时见事件表
R10,爬升,3346.49370313027,3370.607769775391,中继,J03,181,R10,A,爬升,3346.49370313027,3370.607769775391,False,J03,S010,O01,876.1604799999596,739.6567599999942,323330.19537213724,2546707.016698796,359.08110939081035,876.1604799999596,739.6567599999942,323330.19537213724,2546707.016698796,431.4233093261719,109.2760168,23.0194009,109.2760168,23.0194009,96,6.737174062768133,-1.662521377369302,解析遮挡集合+两类距离阈值根,开区间内状态恒定，边界瞬时见事件表
R10,巡航,3370.607769775391,3440.471576557991,中继,J03,182,R10,A,巡航,3370.607769775391,3440.471576557991,False,J03,S010,O01,876.1604799999596,739.6567599999942,323330.19537213724,2546707.016698796,431.4233093261719,847.6696769472703,746.5272137877234,322516.445615224,2546505.352748477,431.4233093261719,109.2760168,23.0194009,109.26810268804091,23.01749244061452,97,5.991468869701407,-0.8727985218861818,解析遮挡集合+两类距离阈值根,开区间内状态恒定，边界瞬时见事件表
R10,巡航,3440.471576557991,3510.0,直连,,183,R10,A,巡航,3440.471576557991,3510.0,True,,S010,O01,847.6696769472703,746.5272137877234,322516.445615224,2546505.352748477,431.4233093261719,819.3156448657602,753.3646857519763,321706.6022888998,2546304.6568921176,431.4233093261719,109.26810268804091,23.01749244061452,109.26022656801827,23.015593142846672,97,4.263256414560601e-14,0.9649105062413952,解析遮挡集合+两类距离阈值根,开区间内状态恒定，边界瞬时见事件表
R10,巡航,3510.0,3627.184757992584,直连,,184,R10,A,巡航,3510.0,3627.184757992584,True,,S010,O01,819.3156448657602,753.3646857519763,321706.6022888998,2546304.6568921176,431.4233093261719,771.5271258242343,764.8887137357306,320341.6742564619,2545966.3996126726,431.4233093261719,109.26022656801827,23.015593142846672,109.24695197939563,23.012392023962295,97,2.049675507927873,4.250421730237846,解析遮挡集合+两类距离阈值根,开区间内状态恒定，边界瞬时见事件表
R10,巡航,3627.184757992584,3769.3140094686323,直连,,185,R10,A,巡航,3627.184757992584,3769.3140094686323,True,,S010,O01,771.5271258242343,764.8887137357306,320341.6742564619,2545966.3996126726,431.4233093261719,713.5661199999887,778.8658000000014,318686.20128461556,2545556.1393129765,431.4233093261719,109.24695197939563,23.012392023962295,109.2308517,23.0085095,97,17.189930229149184,22.873139997774288,解析遮挡集合+两类距离阈值根,开区间内状态恒定，边界瞬时见事件表
R10,下降,3769.3140094686323,3884.639970294567,直连,,186,R10,A,下降,3769.3140094686323,3884.639970294567,True,,S010,O01,713.5661199999887,778.8658000000014,318686.20128461556,2545556.1393129765,431.4233093261719,713.5661199999887,778.8658000000014,318686.20128461556,2545556.1393129765,143.108407261335,109.2308517,23.0085095,109.2308517,23.0085095,98,32.887874830119486,39.05019135132801,解析遮挡集合+两类距离阈值根,开区间内状态恒定，边界瞬时见事件表
R10,下降,3884.639970294567,3889.846486235273,直连,,187,R10,A,下降,3884.639970294567,3889.846486235273,True,,S010,O01,713.5661199999887,778.8658000000014,318686.20128461556,2545556.1393129765,143.108407261335,713.5661199999887,778.8658000000014,318686.20128461556,2545556.1393129765,130.09211740957033,109.2308517,23.0085095,109.2308517,23.0085095,98,57.031632492284274,61.039520873252464,解析遮挡集合+两类距离阈值根,开区间内状态恒定，边界瞬时见事件表
R10,下降,3889.846486235273,3890.803333199101,直连,,188,R10,A,下降,3889.846486235273,3890.803333199101,True,,S010,O01,713.5661199999887,778.8658000000014,318686.20128461556,2545556.1393129765,130.09211740957033,713.5661199999887,778.8658000000014,318686.20128461556,2545556.1393129765,127.69999999999999,109.2308517,23.0085095,109.2308517,23.0085095,98,45.92517525248826,46.46079743223157,解析遮挡集合+两类距离阈值根,开区间内状态恒定，边界瞬时见事件表
R10,整数秒等待,3890.803333199101,3891.0,直连,,189,R10,A,整数秒等待,3890.803333199101,3891.0,True,,S010,O01,713.5661199999887,778.8658000000014,318686.20128461556,2545556.1393129765,127.7,713.5661199999887,778.8658000000014,318686.20128461556,2545556.1393129765,127.7,109.2308517,23.0085095,109.2308517,23.0085095,99,45.92517525248826,45.92517525248826,解析遮挡集合+两类距离阈值根,开区间内状态恒定，边界瞬时见事件表
R11,爬升,2038.0,2038.9568469638282,直连,,190,R11,C,爬升,2038.0,2038.9568469638282,True,,O01,S009,713.5661199999887,778.8658000000014,318686.20128461556,2545556.1393129765,127.7,713.5661199999887,778.8658000000014,318686.20128461556,2545556.1393129765,130.0921174095703,109.2308517,23.0085095,109.2308517,23.0085095,100,45.92517525248826,46.46079743223157,解析遮挡集合+两类距离阈值根,开区间内状态恒定，边界瞬时见事件表
R11,爬升,2038.9568469638282,2041.4475770951112,直连,,191,R11,C,爬升,2038.9568469638282,2041.4475770951112,True,,O01,S009,713.5661199999887,778.8658000000014,318686.20128461556,2545556.1393129765,130.0921174095703,713.5661199999887,778.8658000000014,318686.20128461556,2545556.1393129765,136.3189427377782,109.2308517,23.0085095,109.2308517,23.0085095,100,57.03163249228426,58.721728415660735,解析遮挡集合+两类距离阈值根,开区间内状态恒定，边界瞬时见事件表
R11,爬升,2041.4475770951112,2103.599510498047,直连,,192,R11,C,爬升,2041.4475770951112,2103.599510498047,True,,O01,S009,713.5661199999887,778.8658000000014,318686.20128461556,2545556.1393129765,136.3189427377782,713.5661199999887,778.8658000000014,318686.20128461556,2545556.1393129765,291.6987762451172,109.2308517,23.0085095,109.2308517,23.0085095,100,38.77859913945332,45.514344003042865,解析遮挡集合+两类距离阈值根,开区间内状态恒定，边界瞬时见事件表
R11,巡航,2103.599510498047,2231.0124622286207,直连,,193,R11,C,巡航,2103.599510498047,2231.0124622286207,True,,O01,S009,713.5661199999887,778.8658000000014,318686.20128461556,2545556.1393129765,291.6987762451172,741.6542547969814,722.4386864194646,319506.7004694977,2547282.246102276,291.6987762451172,109.2308517,23.0085095,109.23865395966584,23.024183698216813,101,16.29509388553292,22.242764261055754,解析遮挡集合+两类距离阈值根,开区间内状态恒定，边界瞬时见事件表
R11,巡航,2231.0124622286207,2367.1778020252327,直连,,194,R11,C,巡航,2231.0124622286207,2367.1778020252327,True,,O01,S009,741.6542547969814,722.4386864194646,319506.7004694977,2547282.246102276,291.6987762451172,771.6718500801758,662.1354206205285,320383.5622703967,2549126.924483067,291.6987762451172,109.23865395966584,23.024183698216813,109.24699218057783,23.040934605383185,101,-4.121147867408581e-13,2.5907495069651816,解析遮挡集合+两类距离阈值根,开区间内状态恒定，边界瞬时见事件表
R11,巡航,2367.1778020252327,2483.942765141014,中继,J03,195,R11,C,巡航,2367.1778020252327,2483.942765141014,False,J03,O01,S009,771.6718500801758,662.1354206205285,320383.5622703967,2549126.924483067,291.6987762451172,797.4126400000042,610.4239599999959,321135.4917701691,2550708.7793325847,291.6987762451172,109.24699218057783,23.040934605383185,109.2541424,23.0552989,101,6.852025405578104,-1.7359686523094808,解析遮挡集合+两类距离阈值根,开区间内状态恒定，边界瞬时见事件表
R11,下降,2483.942765141014,2514.792153263573,中继,J03,196,R11,C,下降,2483.942765141014,2514.792153263573,False,J03,O01,S009,797.4126400000042,610.4239599999959,321135.4917701691,2550708.7793325847,291.6987762451172,797.4126400000042,610.4239599999959,321135.4917701691,2550708.7793325847,230.0,109.2541424,23.0552989,109.2541424,23.0552989,102,8.439762288340688,-3.1812723122630047,解析遮挡集合+两类距离阈值根,开区间内状态恒定，边界瞬时见事件表
R11,整数秒等待,2514.792153263573,2515.0,中继,J03,197,R11,C,整数秒等待,2514.792153263573,2515.0,False,J03,O01,S009,797.4126400000042,610.4239599999959,321135.4917701691,2550708.7793325847,230.0,797.4126400000042,610.4239599999959,321135.4917701691,2550708.7793325847,230.0,109.2541424,23.0552989,109.2541424,23.0552989,103,8.439762288340688,-3.1804680445287943,解析遮挡集合+两类距离阈值根,开区间内状态恒定，边界瞬时见事件表
R11,交接,2515.0,2767.0,中继,J03,198,R11,C,交接,2515.0,2767.0,False,J03,O01,S009,797.4126400000042,610.4239599999959,321135.4917701691,2550708.7793325847,230.0,797.4126400000042,610.4239599999959,321135.4917701691,2550708.7793325847,230.0,109.2541424,23.0552989,109.2541424,23.0552989,104,8.439762288340688,-3.1804680445287943,解析遮挡集合+两类距离阈值根,开区间内状态恒定，边界瞬时见事件表
R11,爬升,2767.0,2805.4684936523436,中继,J03,199,R11,C,爬升,2767.0,2805.4684936523436,False,J03,S009,S002,797.4126400000042,610.4239599999959,321135.4917701691,2550708.7793325847,230.0,797.4126400000042,610.4239599999959,321135.4917701691,2550708.7793325847,326.1712341308594,109.2541424,23.0552989,109.2541424,23.0552989,105,8.439762288340688,-3.18183214104198,解析遮挡集合+两类距离阈值根,开区间内状态恒定，边界瞬时见事件表
R11,巡航,2805.4684936523436,2920.4376393493526,中继,J03,200,R11,C,巡航,2805.4684936523436,2920.4376393493526,False,J03,S009,S002,797.4126400000042,610.4239599999959,321135.4917701691,2550708.7793325847,326.1712341308594,813.2868399999835,556.3224399999968,321607.16649195924,2552367.5594448484,326.1712341308594,109.2541424,23.0552989,109.2585519,23.0703271,106,5.7847463313737535,-4.391579718358287,解析遮挡集合+两类距离阈值根,开区间内状态恒定，边界瞬时见事件表
R11,下降,2920.4376393493526,2973.7732564147823,中继,J03,201,R11,C,下降,2920.4376393493526,2973.7732564147823,False,J03,S009,S002,813.2868399999835,556.3224399999968,321607.16649195924,2552367.5594448484,326.1712341308594,813.2868399999835,556.3224399999968,321607.16649195924,2552367.5594448484,219.5,109.2585519,23.0703271,109.2585519,23.0703271,107,5.749414050274794,-5.453359660835048,解析遮挡集合+两类距离阈值根,开区间内状态恒定，边界瞬时见事件表
R11,整数秒等待,2973.7732564147823,2974.0,中继,J03,202,R11,C,整数秒等待,2973.7732564147823,2974.0,False,J03,S009,S002,813.2868399999835,556.3224399999968,321607.16649195924,2552367.5594448484,219.5,813.2868399999835,556.3224399999968,321607.16649195924,2552367.5594448484,219.5,109.2585519,23.0703271,109.2585519,23.0703271,108,5.749414050274794,-5.452529324702368,解析遮挡集合+两类距离阈值根,开区间内状态恒定，边界瞬时见事件表
R11,交接,2974.0,3277.0,中继,J03,203,R11,C,交接,2974.0,3277.0,False,J03,S009,S002,813.2868399999835,556.3224399999968,321607.16649195924,2552367.5594448484,219.5,813.2868399999835,556.3224399999968,321607.16649195924,2552367.5594448484,219.5,109.2585519,23.0703271,109.2585519,23.0703271,109,5.749414050274794,-5.452529324702368,解析遮挡集合+两类距离阈值根,开区间内状态恒定，边界瞬时见事件表
R11,交接,3277.0,3370.0,中继,J03,204,R11,C,交接,3277.0,3370.0,False,J03,S009,S002,813.2868399999835,556.3224399999968,321607.16649195924,2552367.5594448484,219.5,813.2868399999835,556.3224399999968,321607.16649195924,2552367.5594448484,219.5,109.2585519,23.0703271,109.2585519,23.0703271,109,5.749414050274794,-5.452529324702368,解析遮挡集合+两类距离阈值根,开区间内状态恒定，边界瞬时见事件表
R11,爬升,3370.0,3404.641845703125,中继,J03,205,R11,C,爬升,3370.0,3404.641845703125,False,J03,S002,O01,813.2868399999835,556.3224399999968,321607.16649195924,2552367.5594448484,219.5,813.2868399999835,556.3224399999968,321607.16649195924,2552367.5594448484,306.1046142578125,109.2585519,23.0703271,109.2585519,23.0703271,110,5.749414050274794,-5.453169129614352,解析遮挡集合+两类距离阈值根,开区间内状态恒定，边界瞬时见事件表
R11,巡航,3404.641845703125,3506.13292534083,中继,J03,206,R11,C,巡航,3404.641845703125,3506.13292534083,False,J03,S002,O01,813.2868399999835,556.3224399999968,321607.16649195924,2552367.5594448484,306.1046142578125,792.8030793750834,602.0353561813212,321007.167293188,2550968.416924649,306.1046142578125,109.2585519,23.0703271,109.25286196649309,23.05762906772741,111,5.778803974732824,-4.513283913007285,解析遮挡集合+两类距离阈值根,开区间内状态恒定，边界瞬时见事件表
R11,巡航,3506.13292534083,3510.0,中继,J03,207,R11,C,巡航,3506.13292534083,3510.0,False,J03,S002,O01,792.8030793750834,602.0353561813212,321007.167293188,2550968.416924649,306.1046142578125,792.0225947066788,603.7771374333545,320984.305759885,2550915.1059479234,306.1046142578125,109.25286196649309,23.05762906772741,109.2526451651963,23.057145239601844,111,7.642177507939792,-3.4152582362490733,解析遮挡集合+两类距离阈值根,开区间内状态恒定，边界瞬时见事件表
R11,巡航,3510.0,3635.1874658121856,中继,J04,208,R11,C,巡航,3510.0,3635.1874658121856,False,J04,S002,O01,792.0225947066788,603.7771374333545,320984.305759885,2550915.1059479234,306.1046142578125,766.756235415906,660.1632173928273,320244.2172767233,2549189.288200796,306.1046142578125,109.2526451651963,23.057145239601844,109.24562673205997,23.0414824396131,111,0.03587311187789055,-1.8485570813499805,解析遮挡集合+两类距离阈值根,开区间内状态恒定，边界瞬时见事件表
R11,巡航,3635.1874658121856,3754.7965121976627,直连,,209,R11,C,巡航,3635.1874658121856,3754.7965121976627,True,,S002,O01,766.756235415906,660.1632173928273,320244.2172767233,2549189.288200796,306.1046142578125,742.6157584057228,714.0367039245061,319537.1075262579,2547540.3738016607,306.1046142578125,109.24562673205997,23.0414824396131,109.2389210440016,23.02651758224319,111,3.836930773104541e-13,2.230897873730015,解析遮挡集合+两类距离阈值根,开区间内状态恒定，边界瞬时见事件表
R11,巡航,3754.7965121976627,3881.710442016495,直连,,210,R11,C,巡航,3754.7965121976627,3881.710442016495,True,,S002,O01,742.6157584057228,714.0367039245061,319537.1075262579,2547540.3738016607,306.1046142578125,717.0009500141432,771.2004059637486,318786.81246115424,2545790.755251449,306.1046142578125,109.2389210440016,23.02651758224319,109.23180581944838,23.01063877612118,111,15.237455797113256,20.23652343660477,解析遮挡集合+两类距离阈值根,开区间内状态恒定，边界瞬时见事件表
R11,巡航,3881.710442016495,3898.7290262936795,直连,,211,R11,C,巡航,3881.710442016495,3898.7290262936795,True,,S002,O01,717.0009500141432,771.2004059637486,318786.81246115424,2545790.755251449,306.1046142578125,713.5661199999887,778.8658000000014,318686.20128461556,2545556.1393129765,306.1046142578125,109.23180581944838,23.01063877612118,109.2308517,23.0085095,111,32.390857034887674,35.777467966305124,解析遮挡集合+两类距离阈值根,开区间内状态恒定，边界瞬时见事件表
R11,下降,3898.7290262936795,3980.2271297919183,直连,,212,R11,C,下降,3898.7290262936795,3980.2271297919183,True,,S002,O01,713.5661199999887,778.8658000000014,318686.20128461556,2545556.1393129765,306.1046142578125,713.5661199999887,778.8658000000014,318686.20128461556,2545556.1393129765,143.10840726133497,109.2308517,23.0085095,109.2308517,23.0085095,112,37.950418600809655,44.226513007642154,解析遮挡集合+两类距离阈值根,开区间内状态恒定，边界瞬时见事件表
R11,下降,3980.2271297919183,3986.7352747178006,直连,,213,R11,C,下降,3980.2271297919183,3986.7352747178006,True,,S002,O01,713.5661199999887,778.8658000000014,318686.20128461556,2545556.1393129765,143.10840726133497,713.5661199999887,778.8658000000014,318686.20128461556,2545556.1393129765,130.0921174095703,109.2308517,23.0085095,109.2308517,23.0085095,112,57.03163249228426,61.03952087325244,解析遮挡集合+两类距离阈值根,开区间内状态恒定，边界瞬时见事件表
R11,下降,3986.7352747178006,3987.931333422586,直连,,214,R11,C,下降,3986.7352747178006,3987.931333422586,True,,S002,O01,713.5661199999887,778.8658000000014,318686.20128461556,2545556.1393129765,130.0921174095703,713.5661199999887,778.8658000000014,318686.20128461556,2545556.1393129765,127.69999999999999,109.2308517,23.0085095,109.2308517,23.0085095,112,45.92517525248826,46.46079743223156,解析遮挡集合+两类距离阈值根,开区间内状态恒定，边界瞬时见事件表
R11,整数秒等待,3987.931333422586,3988.0,直连,,215,R11,C,整数秒等待,3987.931333422586,3988.0,True,,S002,O01,713.5661199999887,778.8658000000014,318686.20128461556,2545556.1393129765,127.7,713.5661199999887,778.8658000000014,318686.20128461556,2545556.1393129765,127.7,109.2308517,23.0085095,109.2308517,23.0085095,113,45.92517525248826,45.92517525248826,解析遮挡集合+两类距离阈值根,开区间内状态恒定，边界瞬时见事件表
R12,爬升,2176.0,2176.956846963828,直连,,216,R12,C,爬升,2176.0,2176.956846963828,True,,O01,S004,713.5661199999887,778.8658000000014,318686.20128461556,2545556.1393129765,127.7,713.5661199999887,778.8658000000014,318686.20128461556,2545556.1393129765,130.0921174095703,109.2308517,23.0085095,109.2308517,23.0085095,114,45.92517525248826,46.46079743223157,解析遮挡集合+两类距离阈值根,开区间内状态恒定，边界瞬时见事件表
R12,爬升,2176.956846963828,2179.4475770951112,直连,,217,R12,C,爬升,2176.956846963828,2179.4475770951112,True,,O01,S004,713.5661199999887,778.8658000000014,318686.20128461556,2545556.1393129765,130.0921174095703,713.5661199999887,778.8658000000014,318686.20128461556,2545556.1393129765,136.3189427377782,109.2308517,23.0085095,109.2308517,23.0085095,114,57.03163249228426,58.721728415660735,解析遮挡集合+两类距离阈值根,开区间内状态恒定，边界瞬时见事件表
R12,爬升,2179.4475770951112,2285.103703613281,直连,,218,R12,C,爬升,2179.4475770951112,2285.103703613281,True,,O01,S004,713.5661199999887,778.8658000000014,318686.20128461556,2545556.1393129765,136.3189427377782,713.5661199999887,778.8658000000014,318686.20128461556,2545556.1393129765,400.4592590332031,109.2308517,23.0085095,109.2308517,23.0085095,114,33.89163369468112,40.31241412819773,解析遮挡集合+两类距离阈值根,开区间内状态恒定，边界瞬时见事件表
R12,巡航,2285.103703613281,2548.3179336534677,直连,,219,R12,C,巡航,2285.103703613281,2548.3179336534677,True,,O01,S004,713.5661199999887,778.8658000000014,318686.20128461556,2545556.1393129765,400.4592590332031,727.0518890192576,651.1291456196974,319117.5131521837,2549480.7233067797,400.4592590332031,109.2308517,23.0085095,109.2345977469498,23.043991903994527,115,9.999999999999758,15.96774362024766,解析遮挡集合+两类距离阈值根,开区间内状态恒定，边界瞬时见事件表
R12,巡航,2548.3179336534677,2664.714726592789,直连,,220,R12,C,巡航,2548.3179336534677,2664.714726592789,True,,O01,S004,727.0518890192576,651.1291456196974,319117.5131521837,2549480.7233067797,400.4592590332031,733.0154733738106,594.642317728987,319308.24493037787,2551216.2259444217,400.4592590332031,109.2345977469498,23.043991903994527,109.2362542981594,23.059682689519725,115,6.828624777822824,8.270770824603147,解析遮挡集合+两类距离阈值根,开区间内状态恒定，边界瞬时见事件表
R12,巡航,2664.714726592789,2799.41898728283,中继,J03,221,R12,C,巡航,2664.714726592789,2799.41898728283,False,J03,O01,S004,733.0154733738106,594.642317728987,319308.24493037787,2551216.2259444217,400.4592590332031,739.9170399999764,529.2709599999953,319528.97595331207,2553224.6970871883,400.4592590332031,109.2362542981594,23.059682689519725,109.2381714,23.0778414,115,1.6838672268307988,-4.58765274105636,解析遮挡集合+两类距离阈值根,开区间内状态恒定，边界瞬时见事件表
R12,下降,2799.41898728283,2885.4986167994316,中继,J03,222,R12,C,下降,2799.41898728283,2885.4986167994316,False,J03,O01,S004,739.9170399999764,529.2709599999953,319528.97595331207,2553224.6970871883,400.4592590332031,739.9170399999764,529.2709599999953,319528.97595331207,2553224.6970871883,228.3,109.2381714,23.0778414,109.2381714,23.0778414,116,1.6639705592555742,-5.802665400322397,解析遮挡集合+两类距离阈值根,开区间内状态恒定，边界瞬时见事件表
R12,整数秒等待,2885.4986167994316,2886.0,中继,J03,223,R12,C,整数秒等待,2885.4986167994316,2886.0,False,J03,O01,S004,739.9170399999764,529.2709599999953,319528.97595331207,2553224.6970871883,228.3,739.9170399999764,529.2709599999953,319528.97595331207,2553224.6970871883,228.3,109.2381714,23.0778414,109.2381714,23.0778414,117,1.6639705592555742,-5.801112632147451,解析遮挡集合+两类距离阈值根,开区间内状态恒定，边界瞬时见事件表
R12,交接,2886.0,3277.0,中继,J03,224,R12,C,交接,2886.0,3277.0,False,J03,O01,S004,739.9170399999764,529.2709599999953,319528.97595331207,2553224.6970871883,228.3,739.9170399999764,529.2709599999953,319528.97595331207,2553224.6970871883,228.3,109.2381714,23.0778414,109.2381714,23.0778414,118,1.6639705592555742,-5.801112632147451,解析遮挡集合+两类距离阈值根,开区间内状态恒定，边界瞬时见事件表
R12,交接,3277.0,3282.0,中继,J03,225,R12,C,交接,3277.0,3282.0,False,J03,O01,S004,739.9170399999764,529.2709599999953,319528.97595331207,2553224.6970871883,228.3,739.9170399999764,529.2709599999953,319528.97595331207,2553224.6970871883,228.3,109.2381714,23.0778414,109.2381714,23.0778414,118,1.6639705592555742,-5.801112632147451,解析遮挡集合+两类距离阈值根,开区间内状态恒定，边界瞬时见事件表
R12,爬升,3282.0,3289.167414719595,中继,J03,226,R12,C,爬升,3282.0,3289.167414719595,False,J03,S004,O01,739.9170399999764,529.2709599999953,319528.97595331207,2553224.6970871883,228.3,739.9170399999764,529.2709599999953,319528.97595331207,2553224.6970871883,246.21853679898746,109.2381714,23.0778414,109.2381714,23.0778414,119,1.6639705592555742,-5.801223861171579,解析遮挡集合+两类距离阈值根,开区间内状态恒定，边界瞬时见事件表
R12,爬升,3289.167414719595,3350.8637036132814,中继,J03,227,R12,C,爬升,3289.167414719595,3350.8637036132814,False,J03,S004,O01,739.9170399999764,529.2709599999953,319528.97595331207,2553224.6970871883,246.21853679898746,739.9170399999764,529.2709599999953,319528.97595331207,2553224.6970871883,400.4592590332031,109.2381714,23.0778414,109.2381714,23.0778414,119,1.6664852410946907,-5.802889082830134,解析遮挡集合+两类距离阈值根,开区间内状态恒定，边界瞬时见事件表
R12,巡航,3350.8637036132814,3485.5679643033227,中继,J03,228,R12,C,巡航,3350.8637036132814,3485.5679643033227,False,J03,S004,O01,739.9170399999764,529.2709599999953,319528.97595331207,2553224.6970871883,400.4592590332031,733.0154733738106,594.642317728987,319308.24493037787,2551216.2259444217,400.4592590332031,109.2381714,23.0778414,109.2362542981594,23.059682689519725,120,1.6838672268307988,-4.58765274105636,解析遮挡集合+两类距离阈值根,开区间内状态恒定，边界瞬时见事件表
R12,巡航,3485.5679643033227,3510.0,直连,,229,R12,C,巡航,3485.5679643033227,3510.0,True,,S004,O01,733.0154733738106,594.642317728987,319308.24493037787,2551216.2259444217,400.4592590332031,731.7636991440297,606.4990722027753,319268.20975848305,2550851.938739218,400.4592590332031,109.2362542981594,23.059682689519725,109.23590658309557,23.05638914661034,120,6.828624777822824,7.112158767777203,解析遮挡集合+两类距离阈值根,开区间内状态恒定，边界瞬时见事件表
R12,巡航,3510.0,3601.964757242644,直连,,230,R12,C,巡航,3510.0,3601.964757242644,True,,S004,O01,731.7636991440297,606.4990722027753,319268.20975848305,2550851.938739218,400.4592590332031,727.0518890192576,651.1291456196974,319117.5131521837,2549480.7233067797,400.4592590332031,109.23590658309557,23.05638914661034,109.2345977469498,23.043991903994527,120,7.405240572461025,8.60637594854333,解析遮挡集合+两类距离阈值根,开区间内状态恒定，边界瞬时见事件表
R12,巡航,3601.964757242644,3854.7985952619556,直连,,231,R12,C,巡航,3601.964757242644,3854.7985952619556,True,,S004,O01,727.0518890192576,651.1291456196974,319117.5131521837,2549480.7233067797,400.4592590332031,714.097958909692,773.8282435286051,318703.21095110633,2545710.913317286,400.4592590332031,109.2345977469498,23.043991903994527,109.23099943303048,23.009908821242053,120,9.999999999999758,15.636997430089224,解析遮挡集合+两类距离阈值根,开区间内状态恒定，边界瞬时见事件表
R12,巡航,3854.7985952619556,3865.1789872828303,直连,,232,R12,C,巡航,3854.7985952619556,3865.1789872828303,True,,S004,O01,714.097958909692,773.8282435286051,318703.21095110633,2545710.913317286,400.4592590332031,713.5661199999887,778.8658000000014,318686.20128461556,2545556.1393129765,400.4592590332031,109.23099943303048,23.009908821242053,109.2308517,23.0085095,120,32.4944603836953,33.49800207791115,解析遮挡集合+两类距离阈值根,开区间内状态恒定，边界瞬时见事件表
R12,下降,3865.1789872828303,3993.8544131687645,直连,,233,R12,C,下降,3865.1789872828303,3993.8544131687645,True,,S004,O01,713.5661199999887,778.8658000000014,318686.20128461556,2545556.1393129765,400.4592590332031,713.5661199999887,778.8658000000014,318686.20128461556,2545556.1393129765,143.1084072613349,109.2308517,23.0085095,109.2308517,23.0085095,121,33.89163369468112,40.07147114454503,解析遮挡集合+两类距离阈值根,开区间内状态恒定，边界瞬时见事件表
R12,下降,3993.8544131687645,4000.362558094647,直连,,234,R12,C,下降,3993.8544131687645,4000.362558094647,True,,S004,O01,713.5661199999887,778.8658000000014,318686.20128461556,2545556.1393129765,143.1084072613349,713.5661199999887,778.8658000000014,318686.20128461556,2545556.1393129765,130.09211740957033,109.2308517,23.0085095,109.2308517,23.0085095,121,57.031632492284274,61.03952087325242,解析遮挡集合+两类距离阈值根,开区间内状态恒定，边界瞬时见事件表
R12,下降,4000.362558094647,4001.558616799432,直连,,235,R12,C,下降,4000.362558094647,4001.558616799432,True,,S004,O01,713.5661199999887,778.8658000000014,318686.20128461556,2545556.1393129765,130.09211740957033,713.5661199999887,778.8658000000014,318686.20128461556,2545556.1393129765,127.69999999999999,109.2308517,23.0085095,109.2308517,23.0085095,121,45.92517525248826,46.46079743223157,解析遮挡集合+两类距离阈值根,开区间内状态恒定，边界瞬时见事件表
R12,整数秒等待,4001.558616799432,4002.0,直连,,236,R12,C,整数秒等待,4001.558616799432,4002.0,True,,S004,O01,713.5661199999887,778.8658000000014,318686.20128461556,2545556.1393129765,127.7,713.5661199999887,778.8658000000014,318686.20128461556,2545556.1393129765,127.7,109.2308517,23.0085095,109.2308517,23.0085095,122,45.92517525248826,45.92517525248826,解析遮挡集合+两类距离阈值根,开区间内状态恒定，边界瞬时见事件表
R13,爬升,2120.0,2120.797372469857,直连,,237,R13,A,爬升,2120.0,2120.797372469857,True,,O01,S002,713.5661199999887,778.8658000000014,318686.20128461556,2545556.1393129765,127.7,713.5661199999887,778.8658000000014,318686.20128461556,2545556.1393129765,130.0921174095703,109.2308517,23.0085095,109.2308517,23.0085095,123,45.92517525248826,46.46079743223157,解析遮挡集合+两类距离阈值根,开区间内状态恒定，边界瞬时见事件表
R13,爬升,2120.797372469857,2122.8729809125925,直连,,238,R13,A,爬升,2120.797372469857,2122.8729809125925,True,,O01,S002,713.5661199999887,778.8658000000014,318686.20128461556,2545556.1393129765,130.0921174095703,713.5661199999887,778.8658000000014,318686.20128461556,2545556.1393129765,136.3189427377782,109.2308517,23.0085095,109.2308517,23.0085095,123,57.03163249228426,58.721728415660735,解析遮挡集合+两类距离阈值根,开区间内状态恒定，边界瞬时见事件表
R13,爬升,2122.8729809125925,2179.4682047526044,直连,,239,R13,A,爬升,2122.8729809125925,2179.4682047526044,True,,O01,S002,713.5661199999887,778.8658000000014,318686.20128461556,2545556.1393129765,136.3189427377782,713.5661199999887,778.8658000000014,318686.20128461556,2545556.1393129765,306.1046142578125,109.2308517,23.0085095,109.2308517,23.0085095,123,37.950418600809655,44.6186365672756,解析遮挡集合+两类距离阈值根,开区间内状态恒定，边界瞬时见事件表
R13,巡航,2179.4682047526044,2359.3838473726255,直连,,240,R13,A,巡航,2179.4682047526044,2359.3838473726255,True,,O01,S002,713.5661199999887,778.8658000000014,318686.20128461556,2545556.1393129765,306.1046142578125,742.6157584057228,714.0367039245061,319537.1075262579,2547540.3738016607,306.1046142578125,109.2308517,23.0085095,109.2389210440016,23.02651758224319,124,15.237455797113256,21.188849608869603,解析遮挡集合+两类距离阈值根,开区间内状态恒定，边界瞬时见事件表
R13,巡航,2359.3838473726255,2508.895155354472,直连,,241,R13,A,巡航,2359.3838473726255,2508.895155354472,True,,O01,S002,742.6157584057228,714.0367039245061,319537.1075262579,2547540.3738016607,306.1046142578125,766.756235415906,660.1632173928272,320244.2172767233,2549189.288200796,306.1046142578125,109.2389210440016,23.02651758224319,109.24562673205997,23.0414824396131,124,3.836930773104541e-13,2.230897873730015,解析遮挡集合+两类距离阈值根,开区间内状态恒定，边界瞬时见事件表
R13,巡航,2508.895155354472,2797.0771804907977,中继,J03,242,R13,A,巡航,2508.895155354472,2797.0771804907977,False,J03,O01,S002,766.756235415906,660.1632173928272,320244.2172767233,2549189.288200796,306.1046142578125,813.2868399999835,556.3224399999968,321607.16649195924,2552367.5594448484,306.1046142578125,109.24562673205997,23.0414824396131,109.2585519,23.0703271,124,5.778803974732824,-3.14795270532629,解析遮挡集合+两类距离阈值根,开区间内状态恒定，边界瞬时见事件表
R13,下降,2797.0771804907977,2831.7190261939227,中继,J03,243,R13,A,下降,2797.0771804907977,2831.7190261939227,False,J03,O01,S002,813.2868399999835,556.3224399999968,321607.16649195924,2552367.5594448484,306.1046142578125,813.2868399999835,556.3224399999968,321607.16649195924,2552367.5594448484,219.5,109.2585519,23.0703271,109.2585519,23.0703271,125,5.749414050274794,-5.453169129614352,解析遮挡集合+两类距离阈值根,开区间内状态恒定，边界瞬时见事件表
R13,整数秒等待,2831.7190261939227,2832.0,中继,J03,244,R13,A,整数秒等待,2831.7190261939227,2832.0,False,J03,O01,S002,813.2868399999835,556.3224399999968,321607.16649195924,2552367.5594448484,219.5,813.2868399999835,556.3224399999968,321607.16649195924,2552367.5594448484,219.5,109.2585519,23.0703271,109.2585519,23.0703271,126,5.749414050274794,-5.452529324702368,解析遮挡集合+两类距离阈值根,开区间内状态恒定，边界瞬时见事件表
R13,交接,2832.0,3042.0,中继,J03,245,R13,A,交接,2832.0,3042.0,False,J03,O01,S002,813.2868399999835,556.3224399999968,321607.16649195924,2552367.5594448484,219.5,813.2868399999835,556.3224399999968,321607.16649195924,2552367.5594448484,219.5,109.2585519,23.0703271,109.2585519,23.0703271,127,5.749414050274794,-5.452529324702368,解析遮挡集合+两类距离阈值根,开区间内状态恒定，边界瞬时见事件表
R13,爬升,3042.0,3070.868204752604,中继,J03,246,R13,A,爬升,3042.0,3070.868204752604,False,J03,S002,O01,813.2868399999835,556.3224399999968,321607.16649195924,2552367.5594448484,219.5,813.2868399999835,556.3224399999968,321607.16649195924,2552367.5594448484,306.1046142578125,109.2585519,23.0703271,109.2585519,23.0703271,128,5.749414050274794,-5.453169129614352,解析遮挡集合+两类距离阈值根,开区间内状态恒定，边界瞬时见事件表
R13,巡航,3070.868204752604,3197.732054299735,中继,J03,247,R13,A,巡航,3070.868204752604,3197.732054299735,False,J03,S002,O01,813.2868399999835,556.3224399999968,321607.16649195924,2552367.5594448484,306.1046142578125,792.8030793750834,602.0353561813212,321007.167293188,2550968.416924649,306.1046142578125,109.2585519,23.0703271,109.25286196649309,23.05762906772741,129,5.778803974732824,-4.513283913007285,解析遮挡集合+两类距离阈值根,开区间内状态恒定，边界瞬时见事件表
R13,巡航,3197.732054299735,3277.0,中继,J03,248,R13,A,巡航,3197.732054299735,3277.0,False,J03,S002,O01,792.8030793750834,602.0353561813212,321007.167293188,2550968.416924649,306.1046142578125,780.004274745175,630.5980158404527,320632.2716544526,2550094.195042576,306.1046142578125,109.25286196649309,23.05762906772741,109.24930674298477,23.049694995599875,129,7.586321732315099,-2.727238153046116,解析遮挡集合+两类距离阈值根,开区间内状态恒定，边界瞬时见事件表
R13,巡航,3277.0,3359.0502298889296,中继,J03,249,R13,A,巡航,3277.0,3359.0502298889296,False,J03,S002,O01,780.004274745175,630.5980158404527,320632.2716544526,2550094.195042576,306.1046142578125,766.756235415906,660.1632173928273,320244.2172767233,2549189.288200796,306.1046142578125,109.24930674298477,23.049694995599875,109.24562673205997,23.0414824396131,129,6.476002553584408,-1.0180010087722593,解析遮挡集合+两类距离阈值根,开区间内状态恒定，边界瞬时见事件表
R13,巡航,3359.0502298889296,3508.561537870776,直连,,250,R13,A,巡航,3359.0502298889296,3508.561537870776,True,,S002,O01,766.756235415906,660.1632173928273,320244.2172767233,2549189.288200796,306.1046142578125,742.6157584057228,714.0367039245061,319537.1075262579,2547540.3738016607,306.1046142578125,109.24562673205997,23.0414824396131,109.2389210440016,23.02651758224319,129,3.836930773104541e-13,2.230897873730015,解析遮挡集合+两类距离阈值根,开区间内状态恒定，边界瞬时见事件表
R13,巡航,3508.561537870776,3510.0,直连,,251,R13,A,巡航,3508.561537870776,3510.0,True,,S002,O01,742.6157584057228,714.0367039245061,319537.1075262579,2547540.3738016607,306.1046142578125,742.3835006425522,714.5550257236472,319530.30435791577,2547524.5094436435,306.1046142578125,109.2389210440016,23.02651758224319,109.23885652795627,23.026373603965652,129,15.237455797113256,15.272061079843056,解析遮挡集合+两类距离阈值根,开区间内状态恒定，边界瞬时见事件表
R13,巡航,3510.0,3667.203950144317,直连,,252,R13,A,巡航,3510.0,3667.203950144317,True,,S002,O01,742.3835006425522,714.5550257236472,319530.30435791577,2547524.5094436435,306.1046142578125,717.0009500141432,771.2004059637486,318786.81246115424,2545790.755251449,306.1046142578125,109.23885652795627,23.026373603965652,109.23180581944838,23.01063877612118,129,15.306804030331875,20.297786432508374,解析遮挡集合+两类距离阈值根,开区间内状态恒定，边界瞬时见事件表
R13,巡航,3667.203950144317,3688.4771804907973,直连,,253,R13,A,巡航,3667.203950144317,3688.4771804907973,True,,S002,O01,717.0009500141432,771.2004059637486,318786.81246115424,2545790.755251449,306.1046142578125,713.5661199999887,778.8658000000014,318686.20128461556,2545556.1393129765,306.1046142578125,109.23180581944838,23.01063877612118,109.2308517,23.0085095,129,32.390857034887674,35.777467966305124,解析遮挡集合+两类距离阈值根,开区间内状态恒定，边界瞬时见事件表
R13,下降,3688.4771804907973,3753.675663289388,直连,,254,R13,A,下降,3688.4771804907973,3753.675663289388,True,,S002,O01,713.5661199999887,778.8658000000014,318686.20128461556,2545556.1393129765,306.1046142578125,713.5661199999887,778.8658000000014,318686.20128461556,2545556.1393129765,143.10840726133497,109.2308517,23.0085095,109.2308517,23.0085095,130,37.950418600809655,44.226513007642154,解析遮挡集合+两类距离阈值根,开区间内状态恒定，边界瞬时见事件表
R13,下降,3753.675663289388,3758.882179230094,直连,,255,R13,A,下降,3753.675663289388,3758.882179230094,True,,S002,O01,713.5661199999887,778.8658000000014,318686.20128461556,2545556.1393129765,143.10840726133497,713.5661199999887,778.8658000000014,318686.20128461556,2545556.1393129765,130.0921174095703,109.2308517,23.0085095,109.2308517,23.0085095,130,57.03163249228426,61.03952087325244,解析遮挡集合+两类距离阈值根,开区间内状态恒定，边界瞬时见事件表
R13,下降,3758.882179230094,3759.839026193922,直连,,256,R13,A,下降,3758.882179230094,3759.839026193922,True,,S002,O01,713.5661199999887,778.8658000000014,318686.20128461556,2545556.1393129765,130.0921174095703,713.5661199999887,778.8658000000014,318686.20128461556,2545556.1393129765,127.69999999999999,109.2308517,23.0085095,109.2308517,23.0085095,130,45.92517525248826,46.46079743223156,解析遮挡集合+两类距离阈值根,开区间内状态恒定，边界瞬时见事件表
R13,整数秒等待,3759.839026193922,3760.0,直连,,257,R13,A,整数秒等待,3759.839026193922,3760.0,True,,S002,O01,713.5661199999887,778.8658000000014,318686.20128461556,2545556.1393129765,127.7,713.5661199999887,778.8658000000014,318686.20128461556,2545556.1393129765,127.7,109.2308517,23.0085095,109.2308517,23.0085095,131,45.92517525248826,45.92517525248826,解析遮挡集合+两类距离阈值根,开区间内状态恒定，边界瞬时见事件表
R14,爬升,2827.0,2827.797372469857,直连,,258,R14,A,爬升,2827.0,2827.797372469857,True,,O01,S007,713.5661199999887,778.8658000000014,318686.20128461556,2545556.1393129765,127.7,713.5661199999887,778.8658000000014,318686.20128461556,2545556.1393129765,130.0921174095703,109.2308517,23.0085095,109.2308517,23.0085095,132,45.92517525248826,46.46079743223157,解析遮挡集合+两类距离阈值根,开区间内状态恒定，边界瞬时见事件表
R14,爬升,2827.797372469857,2829.8729809125925,直连,,259,R14,A,爬升,2827.797372469857,2829.8729809125925,True,,O01,S007,713.5661199999887,778.8658000000014,318686.20128461556,2545556.1393129765,130.0921174095703,713.5661199999887,778.8658000000014,318686.20128461556,2545556.1393129765,136.3189427377782,109.2308517,23.0085095,109.2308517,23.0085095,132,57.03163249228426,58.721728415660735,解析遮挡集合+两类距离阈值根,开区间内状态恒定，边界瞬时见事件表
R14,爬升,2829.8729809125925,2951.035557047526,直连,,260,R14,A,爬升,2829.8729809125925,2951.035557047526,True,,O01,S007,713.5661199999887,778.8658000000014,318686.20128461556,2545556.1393129765,136.3189427377782,713.5661199999887,778.8658000000014,318686.20128461556,2545556.1393129765,499.8066711425781,109.2308517,23.0085095,109.2308517,23.0085095,132,31.012290096743442,37.31827942566653,解析遮挡集合+两类距离阈值根,开区间内状态恒定，边界瞬时见事件表
R14,巡航,2951.035557047526,2960.243905144376,直连,,261,R14,A,巡航,2951.035557047526,2960.243905144376,True,,O01,S007,713.5661199999887,778.8658000000014,318686.20128461556,2545556.1393129765,499.8066711425781,710.2296332584787,777.0315069217766,318591.890973835,2545613.7227692236,499.8066711425781,109.2308517,23.0085095,109.22992489812736,23.00901902585506,133,30.604342195484435,30.906654743675844,解析遮挡集合+两类距离阈值根,开区间内状态恒定，边界瞬时见事件表
R14,巡航,2960.243905144376,3011.3122916809525,直连,,262,R14,A,巡航,2960.243905144376,3011.3122916809525,True,,O01,S007,710.2296332584787,777.0315069217766,318591.890973835,2545613.7227692236,499.8066711425781,691.7258807072604,766.8587390208546,318068.8573792457,2545933.0736637386,499.8066711425781,109.22992489812736,23.00901902585506,109.22478496686314,23.011844794716428,133,23.835577234719338,27.206623464528846,解析遮挡集合+两类距离阈值根,开区间内状态恒定，边界瞬时见事件表
R14,巡航,3011.3122916809525,3271.3067268587824,直连,,263,R14,A,巡航,3011.3122916809525,3271.3067268587824,True,,O01,S007,691.7258807072604,766.8587390208546,318068.8573792457,2545933.0736637386,499.8066711425781,597.5213635980575,715.068126002348,315406.0392793067,2547558.9220814,499.8066711425781,109.22478496686314,23.011844794716428,109.19861704544391,23.02623107611046,133,10.215492345676523,14.672493454050695,解析遮挡集合+两类距离阈值根,开区间内状态恒定，边界瞬时见事件表
R14,巡航,3271.3067268587824,3277.0,直连,,264,R14,A,巡航,3271.3067268587824,3277.0,True,,O01,S007,597.5213635980575,715.068126002348,315406.0392793067,2547558.9220814,499.8066711425781,595.4585038808011,713.9340320904387,315347.7297591127,2547594.5243785097,499.8066711425781,109.19861704544391,23.02623107611046,109.19804402885579,23.0265461021971,133,0.06369662223940509,0.13926562256060038,解析遮挡集合+两类距离阈值根,开区间内状态恒定，边界瞬时见事件表
R14,巡航,3277.0,3279.418564993329,直连,,265,R14,A,巡航,3277.0,3279.418564993329,True,,O01,S007,595.4585038808011,713.9340320904387,315347.7297591127,2547594.5243785097,499.8066711425781,594.5821784043042,713.4522565341891,315322.95923417545,2547609.6486255527,499.8066711425781,109.19804402885579,23.0265461021971,109.1978006051123,23.026679928740503,133,-2.1316282072803006e-13,0.03179039222439428,解析遮挡集合+两类距离阈值根,开区间内状态恒定，边界瞬时见事件表
R14,巡航,3279.418564993329,3328.912890020662,中继,J04,266,R14,A,巡航,3279.418564993329,3328.912890020662,False,J04,O01,S007,594.5821784043042,713.4522565341891,315322.95923417545,2547609.6486255527,499.8066711425781,576.6487599999573,703.5930399999985,314816.0469056985,2547919.156288568,499.8066711425781,109.1978006051123,23.026679928740503,109.1928191,23.0294186,133,6.279276785222265,-0.6264279662278369,解析遮挡集合+两类距离阈值根,开区间内状态恒定，边界瞬时见事件表
R14,下降,3328.912890020662,3389.435558477693,中继,J04,267,R14,A,下降,3328.912890020662,3389.435558477693,False,J04,O01,S007,576.6487599999573,703.5930399999985,314816.0469056985,2547919.156288568,499.8066711425781,576.6487599999573,703.5930399999985,314816.0469056985,2547919.156288568,348.5,109.1928191,23.0294186,109.1928191,23.0294186,134,7.266364806384871,-1.200978899655496,解析遮挡集合+两类距离阈值根,开区间内状态恒定，边界瞬时见事件表
R14,整数秒等待,3389.435558477693,3390.0,中继,J04,268,R14,A,整数秒等待,3389.435558477693,3390.0,False,J04,O01,S007,576.6487599999573,703.5930399999985,314816.0469056985,2547919.156288568,348.5,576.6487599999573,703.5930399999985,314816.0469056985,2547919.156288568,348.5,109.1928191,23.0294186,109.1928191,23.0294186,135,7.266364806384871,-1.1933744791611502,解析遮挡集合+两类距离阈值根,开区间内状态恒定，边界瞬时见事件表
R14,交接,3390.0,3510.0,中继,J04,269,R14,A,交接,3390.0,3510.0,False,J04,O01,S007,576.6487599999573,703.5930399999985,314816.0469056985,2547919.156288568,348.5,576.6487599999573,703.5930399999985,314816.0469056985,2547919.156288568,348.5,109.1928191,23.0294186,109.1928191,23.0294186,136,7.266364806384871,-1.1933744791611502,解析遮挡集合+两类距离阈值根,开区间内状态恒定，边界瞬时见事件表
R14,交接,3510.0,3600.0,中继,J04,270,R14,A,交接,3510.0,3600.0,False,J04,O01,S007,576.6487599999573,703.5930399999985,314816.0469056985,2547919.156288568,348.5,576.6487599999573,703.5930399999985,314816.0469056985,2547919.156288568,348.5,109.1928191,23.0294186,109.1928191,23.0294186,136,7.266364806384871,-1.1933744791611502,解析遮挡集合+两类距离阈值根,开区间内状态恒定，边界瞬时见事件表
R14,爬升,3600.0,3650.435557047526,中继,J04,271,R14,A,爬升,3600.0,3650.435557047526,False,J04,S007,O01,576.6487599999573,703.5930399999985,314816.0469056985,2547919.156288568,348.5,576.6487599999573,703.5930399999985,314816.0469056985,2547919.156288568,499.8066711425781,109.1928191,23.0294186,109.1928191,23.0294186,137,7.266364806384871,-1.200978899655496,解析遮挡集合+两类距离阈值根,开区间内状态恒定，边界瞬时见事件表
R14,巡航,3650.435557047526,3699.929882074859,中继,J04,272,R14,A,巡航,3650.435557047526,3699.929882074859,False,J04,S007,O01,576.6487599999573,703.5930399999985,314816.0469056985,2547919.156288568,499.8066711425781,594.5821784043042,713.4522565341891,315322.95923417545,2547609.6486255527,499.8066711425781,109.1928191,23.0294186,109.1978006051123,23.026679928740503,138,6.279276785222265,-0.6264279662278369,解析遮挡集合+两类距离阈值根,开区间内状态恒定，边界瞬时见事件表
R14,巡航,3699.929882074859,3708.0417202094054,直连,,273,R14,A,巡航,3699.929882074859,3708.0417202094054,True,,S007,O01,594.5821784043042,713.4522565341891,315322.95923417545,2547609.6486255527,499.8066711425781,597.5213635980575,715.0681260023479,315406.0392793067,2547558.9220814,499.8066711425781,109.1978006051123,23.026679928740503,109.19861704544391,23.02623107611046,138,-2.1316282072803006e-13,0.10708337871702156,解析遮挡集合+两类距离阈值根,开区间内状态恒定，边界瞬时见事件表
R14,巡航,3708.0417202094054,4019.1045419238117,直连,,274,R14,A,巡航,3708.0417202094054,4019.1045419238117,True,,S007,O01,597.5213635980575,715.0681260023479,315406.0392793067,2547558.9220814,499.8066711425781,710.2296332584787,777.0315069217766,318591.890973835,2545613.7227692236,499.8066711425781,109.19861704544391,23.02623107611046,109.22992489812736,23.00901902585506,138,10.215492345676523,15.890546013145396,解析遮挡集合+两类距离阈值根,开区间内状态恒定，边界瞬时见事件表
R14,巡航,4019.1045419238117,4028.312890020662,直连,,275,R14,A,巡航,4019.1045419238117,4028.312890020662,True,,S007,O01,710.2296332584787,777.0315069217766,318591.890973835,2545613.7227692236,499.8066711425781,713.5661199999887,778.8658000000014,318686.20128461556,2545556.1393129765,499.8066711425781,109.22992489812736,23.00901902585506,109.2308517,23.0085095,138,30.604342195484435,30.906654743675844,解析遮挡集合+两类距离阈值根,开区间内状态恒定，边界瞬时见事件表
R14,下降,4028.312890020662,4170.99219557316,直连,,276,R14,A,下降,4028.312890020662,4170.99219557316,True,,S007,O01,713.5661199999887,778.8658000000014,318686.20128461556,2545556.1393129765,499.8066711425781,713.5661199999887,778.8658000000014,318686.20128461556,2545556.1393129765,143.108407261335,109.2308517,23.0085095,109.2308517,23.0085095,139,31.012290096743442,37.14690201847898,解析遮挡集合+两类距离阈值根,开区间内状态恒定，边界瞬时见事件表
R14,下降,4170.99219557316,4176.198711513865,直连,,277,R14,A,下降,4170.99219557316,4176.198711513865,True,,S007,O01,713.5661199999887,778.8658000000014,318686.20128461556,2545556.1393129765,143.108407261335,713.5661199999887,778.8658000000014,318686.20128461556,2545556.1393129765,130.09211740957033,109.2308517,23.0085095,109.2308517,23.0085095,139,57.031632492284274,61.039520873252464,解析遮挡集合+两类距离阈值根,开区间内状态恒定，边界瞬时见事件表
R14,下降,4176.198711513865,4177.155558477693,直连,,278,R14,A,下降,4176.198711513865,4177.155558477693,True,,S007,O01,713.5661199999887,778.8658000000014,318686.20128461556,2545556.1393129765,130.09211740957033,713.5661199999887,778.8658000000014,318686.20128461556,2545556.1393129765,127.69999999999999,109.2308517,23.0085095,109.2308517,23.0085095,139,45.92517525248826,46.46079743223157,解析遮挡集合+两类距离阈值根,开区间内状态恒定，边界瞬时见事件表
R14,整数秒等待,4177.155558477693,4178.0,直连,,279,R14,A,整数秒等待,4177.155558477693,4178.0,True,,S007,O01,713.5661199999887,778.8658000000014,318686.20128461556,2545556.1393129765,127.7,713.5661199999887,778.8658000000014,318686.20128461556,2545556.1393129765,127.7,109.2308517,23.0085095,109.2308517,23.0085095,140,45.92517525248826,45.92517525248826,解析遮挡集合+两类距离阈值根,开区间内状态恒定，边界瞬时见事件表
R15,爬升,2827.0,2827.797372469857,直连,,280,R15,A,爬升,2827.0,2827.797372469857,True,,O01,S007,713.5661199999887,778.8658000000014,318686.20128461556,2545556.1393129765,127.7,713.5661199999887,778.8658000000014,318686.20128461556,2545556.1393129765,130.0921174095703,109.2308517,23.0085095,109.2308517,23.0085095,141,45.92517525248826,46.46079743223157,解析遮挡集合+两类距离阈值根,开区间内状态恒定，边界瞬时见事件表
R15,爬升,2827.797372469857,2829.8729809125925,直连,,281,R15,A,爬升,2827.797372469857,2829.8729809125925,True,,O01,S007,713.5661199999887,778.8658000000014,318686.20128461556,2545556.1393129765,130.0921174095703,713.5661199999887,778.8658000000014,318686.20128461556,2545556.1393129765,136.3189427377782,109.2308517,23.0085095,109.2308517,23.0085095,141,57.03163249228426,58.721728415660735,解析遮挡集合+两类距离阈值根,开区间内状态恒定，边界瞬时见事件表
R15,爬升,2829.8729809125925,2951.035557047526,直连,,282,R15,A,爬升,2829.8729809125925,2951.035557047526,True,,O01,S007,713.5661199999887,778.8658000000014,318686.20128461556,2545556.1393129765,136.3189427377782,713.5661199999887,778.8658000000014,318686.20128461556,2545556.1393129765,499.8066711425781,109.2308517,23.0085095,109.2308517,23.0085095,141,31.012290096743442,37.31827942566653,解析遮挡集合+两类距离阈值根,开区间内状态恒定，边界瞬时见事件表
R15,巡航,2951.035557047526,2960.243905144376,直连,,283,R15,A,巡航,2951.035557047526,2960.243905144376,True,,O01,S007,713.5661199999887,778.8658000000014,318686.20128461556,2545556.1393129765,499.8066711425781,710.2296332584787,777.0315069217766,318591.890973835,2545613.7227692236,499.8066711425781,109.2308517,23.0085095,109.22992489812736,23.00901902585506,142,30.604342195484435,30.906654743675844,解析遮挡集合+两类距离阈值根,开区间内状态恒定，边界瞬时见事件表
R15,巡航,2960.243905144376,3011.3122916809525,直连,,284,R15,A,巡航,2960.243905144376,3011.3122916809525,True,,O01,S007,710.2296332584787,777.0315069217766,318591.890973835,2545613.7227692236,499.8066711425781,691.7258807072604,766.8587390208546,318068.8573792457,2545933.0736637386,499.8066711425781,109.22992489812736,23.00901902585506,109.22478496686314,23.011844794716428,142,23.835577234719338,27.206623464528846,解析遮挡集合+两类距离阈值根,开区间内状态恒定，边界瞬时见事件表
R15,巡航,3011.3122916809525,3271.3067268587824,直连,,285,R15,A,巡航,3011.3122916809525,3271.3067268587824,True,,O01,S007,691.7258807072604,766.8587390208546,318068.8573792457,2545933.0736637386,499.8066711425781,597.5213635980575,715.068126002348,315406.0392793067,2547558.9220814,499.8066711425781,109.22478496686314,23.011844794716428,109.19861704544391,23.02623107611046,142,10.215492345676523,14.672493454050695,解析遮挡集合+两类距离阈值根,开区间内状态恒定，边界瞬时见事件表
R15,巡航,3271.3067268587824,3277.0,直连,,286,R15,A,巡航,3271.3067268587824,3277.0,True,,O01,S007,597.5213635980575,715.068126002348,315406.0392793067,2547558.9220814,499.8066711425781,595.4585038808011,713.9340320904387,315347.7297591127,2547594.5243785097,499.8066711425781,109.19861704544391,23.02623107611046,109.19804402885579,23.0265461021971,142,0.06369662223940509,0.13926562256060038,解析遮挡集合+两类距离阈值根,开区间内状态恒定，边界瞬时见事件表
R15,巡航,3277.0,3279.418564993329,直连,,287,R15,A,巡航,3277.0,3279.418564993329,True,,O01,S007,595.4585038808011,713.9340320904387,315347.7297591127,2547594.5243785097,499.8066711425781,594.5821784043042,713.4522565341891,315322.95923417545,2547609.6486255527,499.8066711425781,109.19804402885579,23.0265461021971,109.1978006051123,23.026679928740503,142,-2.1316282072803006e-13,0.03179039222439428,解析遮挡集合+两类距离阈值根,开区间内状态恒定，边界瞬时见事件表
R15,巡航,3279.418564993329,3328.912890020662,中继,J04,288,R15,A,巡航,3279.418564993329,3328.912890020662,False,J04,O01,S007,594.5821784043042,713.4522565341891,315322.95923417545,2547609.6486255527,499.8066711425781,576.6487599999573,703.5930399999985,314816.0469056985,2547919.156288568,499.8066711425781,109.1978006051123,23.026679928740503,109.1928191,23.0294186,142,6.279276785222265,-0.6264279662278369,解析遮挡集合+两类距离阈值根,开区间内状态恒定，边界瞬时见事件表
R15,下降,3328.912890020662,3389.435558477693,中继,J04,289,R15,A,下降,3328.912890020662,3389.435558477693,False,J04,O01,S007,576.6487599999573,703.5930399999985,314816.0469056985,2547919.156288568,499.8066711425781,576.6487599999573,703.5930399999985,314816.0469056985,2547919.156288568,348.5,109.1928191,23.0294186,109.1928191,23.0294186,143,7.266364806384871,-1.200978899655496,解析遮挡集合+两类距离阈值根,开区间内状态恒定，边界瞬时见事件表
R15,整数秒等待,3389.435558477693,3390.0,中继,J04,290,R15,A,整数秒等待,3389.435558477693,3390.0,False,J04,O01,S007,576.6487599999573,703.5930399999985,314816.0469056985,2547919.156288568,348.5,576.6487599999573,703.5930399999985,314816.0469056985,2547919.156288568,348.5,109.1928191,23.0294186,109.1928191,23.0294186,144,7.266364806384871,-1.1933744791611502,解析遮挡集合+两类距离阈值根,开区间内状态恒定，边界瞬时见事件表
R15,交接,3390.0,3510.0,中继,J04,291,R15,A,交接,3390.0,3510.0,False,J04,O01,S007,576.6487599999573,703.5930399999985,314816.0469056985,2547919.156288568,348.5,576.6487599999573,703.5930399999985,314816.0469056985,2547919.156288568,348.5,109.1928191,23.0294186,109.1928191,23.0294186,145,7.266364806384871,-1.1933744791611502,解析遮挡集合+两类距离阈值根,开区间内状态恒定，边界瞬时见事件表
R15,交接,3510.0,3600.0,中继,J04,292,R15,A,交接,3510.0,3600.0,False,J04,O01,S007,576.6487599999573,703.5930399999985,314816.0469056985,2547919.156288568,348.5,576.6487599999573,703.5930399999985,314816.0469056985,2547919.156288568,348.5,109.1928191,23.0294186,109.1928191,23.0294186,145,7.266364806384871,-1.1933744791611502,解析遮挡集合+两类距离阈值根,开区间内状态恒定，边界瞬时见事件表
R15,爬升,3600.0,3650.435557047526,中继,J04,293,R15,A,爬升,3600.0,3650.435557047526,False,J04,S007,O01,576.6487599999573,703.5930399999985,314816.0469056985,2547919.156288568,348.5,576.6487599999573,703.5930399999985,314816.0469056985,2547919.156288568,499.8066711425781,109.1928191,23.0294186,109.1928191,23.0294186,146,7.266364806384871,-1.200978899655496,解析遮挡集合+两类距离阈值根,开区间内状态恒定，边界瞬时见事件表
R15,巡航,3650.435557047526,3699.929882074859,中继,J04,294,R15,A,巡航,3650.435557047526,3699.929882074859,False,J04,S007,O01,576.6487599999573,703.5930399999985,314816.0469056985,2547919.156288568,499.8066711425781,594.5821784043042,713.4522565341891,315322.95923417545,2547609.6486255527,499.8066711425781,109.1928191,23.0294186,109.1978006051123,23.026679928740503,147,6.279276785222265,-0.6264279662278369,解析遮挡集合+两类距离阈值根,开区间内状态恒定，边界瞬时见事件表
R15,巡航,3699.929882074859,3708.0417202094054,直连,,295,R15,A,巡航,3699.929882074859,3708.0417202094054,True,,S007,O01,594.5821784043042,713.4522565341891,315322.95923417545,2547609.6486255527,499.8066711425781,597.5213635980575,715.0681260023479,315406.0392793067,2547558.9220814,499.8066711425781,109.1978006051123,23.026679928740503,109.19861704544391,23.02623107611046,147,-2.1316282072803006e-13,0.10708337871702156,解析遮挡集合+两类距离阈值根,开区间内状态恒定，边界瞬时见事件表
R15,巡航,3708.0417202094054,4019.1045419238117,直连,,296,R15,A,巡航,3708.0417202094054,4019.1045419238117,True,,S007,O01,597.5213635980575,715.0681260023479,315406.0392793067,2547558.9220814,499.8066711425781,710.2296332584787,777.0315069217766,318591.890973835,2545613.7227692236,499.8066711425781,109.19861704544391,23.02623107611046,109.22992489812736,23.00901902585506,147,10.215492345676523,15.890546013145396,解析遮挡集合+两类距离阈值根,开区间内状态恒定，边界瞬时见事件表
R15,巡航,4019.1045419238117,4028.312890020662,直连,,297,R15,A,巡航,4019.1045419238117,4028.312890020662,True,,S007,O01,710.2296332584787,777.0315069217766,318591.890973835,2545613.7227692236,499.8066711425781,713.5661199999887,778.8658000000014,318686.20128461556,2545556.1393129765,499.8066711425781,109.22992489812736,23.00901902585506,109.2308517,23.0085095,147,30.604342195484435,30.906654743675844,解析遮挡集合+两类距离阈值根,开区间内状态恒定，边界瞬时见事件表
R15,下降,4028.312890020662,4170.99219557316,直连,,298,R15,A,下降,4028.312890020662,4170.99219557316,True,,S007,O01,713.5661199999887,778.8658000000014,318686.20128461556,2545556.1393129765,499.8066711425781,713.5661199999887,778.8658000000014,318686.20128461556,2545556.1393129765,143.108407261335,109.2308517,23.0085095,109.2308517,23.0085095,148,31.012290096743442,37.14690201847898,解析遮挡集合+两类距离阈值根,开区间内状态恒定，边界瞬时见事件表
R15,下降,4170.99219557316,4176.198711513865,直连,,299,R15,A,下降,4170.99219557316,4176.198711513865,True,,S007,O01,713.5661199999887,778.8658000000014,318686.20128461556,2545556.1393129765,143.108407261335,713.5661199999887,778.8658000000014,318686.20128461556,2545556.1393129765,130.09211740957033,109.2308517,23.0085095,109.2308517,23.0085095,148,57.031632492284274,61.039520873252464,解析遮挡集合+两类距离阈值根,开区间内状态恒定，边界瞬时见事件表
R15,下降,4176.198711513865,4177.155558477693,直连,,300,R15,A,下降,4176.198711513865,4177.155558477693,True,,S007,O01,713.5661199999887,778.8658000000014,318686.20128461556,2545556.1393129765,130.09211740957033,713.5661199999887,778.8658000000014,318686.20128461556,2545556.1393129765,127.69999999999999,109.2308517,23.0085095,109.2308517,23.0085095,148,45.92517525248826,46.46079743223157,解析遮挡集合+两类距离阈值根,开区间内状态恒定，边界瞬时见事件表
R15,整数秒等待,4177.155558477693,4178.0,直连,,301,R15,A,整数秒等待,4177.155558477693,4178.0,True,,S007,O01,713.5661199999887,778.8658000000014,318686.20128461556,2545556.1393129765,127.7,713.5661199999887,778.8658000000014,318686.20128461556,2545556.1393129765,127.7,109.2308517,23.0085095,109.2308517,23.0085095,149,45.92517525248826,45.92517525248826,解析遮挡集合+两类距离阈值根,开区间内状态恒定，边界瞬时见事件表
R16,爬升,2879.0,2879.797372469857,直连,,302,R16,B,爬升,2879.0,2879.797372469857,True,,O01,S003,713.5661199999887,778.8658000000014,318686.20128461556,2545556.1393129765,127.7,713.5661199999887,778.8658000000014,318686.20128461556,2545556.1393129765,130.0921174095703,109.2308517,23.0085095,109.2308517,23.0085095,150,45.92517525248826,46.46079743223157,解析遮挡集合+两类距离阈值根,开区间内状态恒定，边界瞬时见事件表
R16,爬升,2879.797372469857,2881.8729809125925,直连,,303,R16,B,爬升,2879.797372469857,2881.8729809125925,True,,O01,S003,713.5661199999887,778.8658000000014,318686.20128461556,2545556.1393129765,130.0921174095703,713.5661199999887,778.8658000000014,318686.20128461556,2545556.1393129765,136.3189427377782,109.2308517,23.0085095,109.2308517,23.0085095,150,57.03163249228426,58.721728415660735,解析遮挡集合+两类距离阈值根,开区间内状态恒定，边界瞬时见事件表
R16,爬升,2881.8729809125925,3019.9448486328124,直连,,304,R16,B,爬升,2881.8729809125925,3019.9448486328124,True,,O01,S003,713.5661199999887,778.8658000000014,318686.20128461556,2545556.1393129765,136.3189427377782,713.5661199999887,778.8658000000014,318686.20128461556,2545556.1393129765,550.5345458984375,109.2308517,23.0085095,109.2308517,23.0085095,150,29.84324102000643,36.112771721979,解析遮挡集合+两类距离阈值根,开区间内状态恒定，边界瞬时见事件表
R16,巡航,3019.9448486328124,3027.1698616757803,直连,,305,R16,B,巡航,3019.9448486328124,3027.1698616757803,True,,O01,S003,713.5661199999887,778.8658000000014,318686.20128461556,2545556.1393129765,550.5345458984375,710.2361086483835,777.159704923735,318592.03501418233,2545609.78534306,550.5345458984375,109.2308517,23.0085095,109.22992669684677,23.00898341529896,151,29.539762199710637,29.76536014337202,解析遮挡集合+两类距离阈值根,开区间内状态恒定，边界瞬时见事件表
R16,巡航,3027.1698616757803,3065.139474549071,直连,,306,R16,B,巡航,3027.1698616757803,3065.139474549071,True,,O01,S003,710.2361086483835,777.159704923735,318592.03501418233,2545609.78534306,550.5345458984375,692.7358991494984,768.1936630376359,318097.1629893418,2545891.7113385326,550.5345458984375,109.22992669684677,23.00898341529896,109.22506552754153,23.011473982489544,151,24.008916202035536,26.93736874952843,解析遮挡集合+两类距离阈值根,开区间内状态恒定，边界瞬时见事件表
R16,巡航,3065.139474549071,3274.0143032156875,直连,,307,R16,B,巡航,3065.139474549071,3274.0143032156875,True,,O01,S003,692.7358991494984,768.1936630376359,318097.1629893418,2545891.7113385326,550.5345458984375,596.4654085098423,718.8705248474638,315374.82000034704,2547442.615852562,550.5345458984375,109.22506552754153,23.011473982489544,109.19832372458607,23.025174854209038,151,10.276646653337338,14.785767743779417,解析遮挡集合+两类距离阈值根,开区间内状态恒定，边界瞬时见事件表
R16,巡航,3274.0143032156875,3277.0,直连,,308,R16,B,巡航,3274.0143032156875,3277.0,True,,O01,S003,596.4654085098423,718.8705248474638,315374.82000034704,2547442.615852562,550.5345458984375,595.0892996882965,718.1654904686127,315335.9063085445,2547464.7847785633,550.5345458984375,109.19832372458607,23.025174854209038,109.19794147213564,23.02537069709205,151,0.17627793774376244,0.22631892251266095,解析遮挡集合+两类距离阈值根,开区间内状态恒定，边界瞬时见事件表
R16,巡航,3277.0,3282.327106020589,直连,,309,R16,B,巡航,3277.0,3282.327106020589,True,,O01,S003,595.0892996882965,718.1654904686127,315335.9063085445,2547464.7847785633,550.5345458984375,592.6340344293596,716.9075620332694,315266.4761631346,2547504.338768035,550.5345458984375,109.19794147213564,23.02537069709205,109.19725945400816,23.025720121657425,151,0.0,0.08769656859766428,解析遮挡集合+两类距离阈值根,开区间内状态恒定，边界瞬时见事件表
R16,巡航,3282.327106020589,3504.166696443287,中继,J04,310,R16,B,巡航,3282.327106020589,3504.166696443287,False,J04,O01,S003,592.6340344293596,716.9075620332694,315266.4761631346,2547504.338768035,550.5345458984375,490.3880799999695,664.5229599999909,312375.1586332822,2549151.5071912156,550.5345458984375,109.19725945400816,23.025720121657425,109.1688578,23.0402714,151,6.034435517466022,-3.039676407666235,解析遮挡集合+两类距离阈值根,开区间内状态恒定，边界瞬时见事件表
R16,下降,3504.166696443287,3510.0,中继,J04,311,R16,B,下降,3504.166696443287,3510.0,False,J04,O01,S003,490.3880799999695,664.5229599999909,312375.1586332822,2549151.5071912156,550.5345458984375,490.3880799999695,664.5229599999909,312375.1586332822,2549151.5071912156,535.9512870066551,109.1688578,23.0402714,109.1688578,23.0402714,152,6.940258879176966,-5.289798105486511,解析遮挡集合+两类距离阈值根,开区间内状态恒定，边界瞬时见事件表
R16,下降,3510.0,3520.248993438497,中继,J04,312,R16,B,下降,3510.0,3520.248993438497,False,J04,O01,S003,490.3880799999695,664.5229599999909,312375.1586332822,2549151.5071912156,535.9512870066551,490.3880799999695,664.5229599999909,312375.1586332822,2549151.5071912156,510.32880341041243,109.1688578,23.0402714,109.1688578,23.0402714,152,6.929135424580281,-5.288525793936415,解析遮挡集合+两类距离阈值根,开区间内状态恒定，边界瞬时见事件表
R16,下降,3520.248993438497,3588.980514802662,中继,J04,313,R16,B,下降,3520.248993438497,3588.980514802662,False,J04,O01,S003,490.3880799999695,664.5229599999909,312375.1586332822,2549151.5071912156,510.32880341041243,490.3880799999695,664.5229599999909,312375.1586332822,2549151.5071912156,338.5,109.1688578,23.0402714,109.1688578,23.0402714,152,6.837137484766231,-5.283236483132839,解析遮挡集合+两类距离阈值根,开区间内状态恒定，边界瞬时见事件表
R16,整数秒等待,3588.980514802662,3589.0,中继,J04,314,R16,B,整数秒等待,3588.980514802662,3589.0,False,J04,O01,S003,490.3880799999695,664.5229599999909,312375.1586332822,2549151.5071912156,338.5,490.3880799999695,664.5229599999909,312375.1586332822,2549151.5071912156,338.5,109.1688578,23.0402714,109.1688578,23.0402714,153,6.837137484766231,-5.279933477988692,解析遮挡集合+两类距离阈值根,开区间内状态恒定，边界瞬时见事件表
R16,交接,3589.0,3829.0,中继,J04,315,R16,B,交接,3589.0,3829.0,False,J04,O01,S003,490.3880799999695,664.5229599999909,312375.1586332822,2549151.5071912156,338.5,490.3880799999695,664.5229599999909,312375.1586332822,2549151.5071912156,338.5,109.1688578,23.0402714,109.1688578,23.0402714,154,6.837137484766231,-5.279933477988692,解析遮挡集合+两类距离阈值根,开区间内状态恒定，边界瞬时见事件表
R16,爬升,3829.0,3899.678181966146,中继,J04,316,R16,B,爬升,3829.0,3899.678181966146,False,J04,S003,O01,490.3880799999695,664.5229599999909,312375.1586332822,2549151.5071912156,338.5,490.3880799999695,664.5229599999909,312375.1586332822,2549151.5071912156,550.5345458984375,109.1688578,23.0402714,109.1688578,23.0402714,155,6.837137484766231,-5.284184140321969,解析遮挡集合+两类距离阈值根,开区间内状态恒定，边界瞬时见事件表
R16,巡航,3899.678181966146,4121.517772388845,中继,J04,317,R16,B,巡航,3899.678181966146,4121.517772388845,False,J04,S003,O01,490.3880799999695,664.5229599999909,312375.1586332822,2549151.5071912156,550.5345458984375,592.6340344293596,716.9075620332694,315266.4761631346,2547504.338768035,550.5345458984375,109.1688578,23.0402714,109.19725945400816,23.025720121657425,156,6.034435517466022,-3.039676407666235,解析遮挡集合+两类距离阈值根,开区间内状态恒定，边界瞬时见事件表
R16,巡航,4121.517772388845,4129.830575193746,直连,,318,R16,B,巡航,4121.517772388845,4129.830575193746,True,,S003,O01,592.6340344293596,716.9075620332694,315266.4761631346,2547504.338768035,550.5345458984375,596.4654085098423,718.8705248474638,315374.82000034704,2547442.615852562,550.5345458984375,109.19725945400816,23.025720121657425,109.19832372458607,23.025174854209038,156,0.0,0.13723388344727994,解析遮挡集合+两类距离阈值根,开区间内状态恒定，边界瞬时见事件表
R16,巡航,4129.830575193746,4376.675016733653,直连,,319,R16,B,巡航,4129.830575193746,4376.675016733653,True,,S003,O01,596.4654085098423,718.8705248474638,315374.82000034704,2547442.615852562,550.5345458984375,710.2361086483835,777.159704923735,318592.03501418233,2545609.78534306,550.5345458984375,109.19832372458607,23.025174854209038,109.22992669684677,23.00898341529896,156,10.276646653337338,15.922208835266787,解析遮挡集合+两类距离阈值根,开区间内状态恒定，边界瞬时见事件表
R16,巡航,4376.675016733653,4383.900029776621,直连,,320,R16,B,巡航,4376.675016733653,4383.900029776621,True,,S003,O01,710.2361086483835,777.159704923735,318592.03501418233,2545609.78534306,550.5345458984375,713.5661199999887,778.8658000000014,318686.20128461556,2545556.1393129765,550.5345458984375,109.22992669684677,23.00898341529896,109.2308517,23.0085095,156,29.539762199710637,29.76536014337202,解析遮挡集合+两类距离阈值根,开区间内状态恒定，边界瞬时见事件表
R16,下降,4383.900029776621,4546.870485231462,直连,,321,R16,B,下降,4383.900029776621,4546.870485231462,True,,S003,O01,713.5661199999887,778.8658000000014,318686.20128461556,2545556.1393129765,550.5345458984375,713.5661199999887,778.8658000000014,318686.20128461556,2545556.1393129765,143.108407261335,109.2308517,23.0085095,109.2308517,23.0085095,157,29.84324102000643,35.96341308354029,解析遮挡集合+两类距离阈值根,开区间内状态恒定，边界瞬时见事件表
R16,下降,4546.870485231462,4552.077001172168,直连,,322,R16,B,下降,4546.870485231462,4552.077001172168,True,,S003,O01,713.5661199999887,778.8658000000014,318686.20128461556,2545556.1393129765,143.108407261335,713.5661199999887,778.8658000000014,318686.20128461556,2545556.1393129765,130.09211740957033,109.2308517,23.0085095,109.2308517,23.0085095,157,57.031632492284274,61.039520873252464,解析遮挡集合+两类距离阈值根,开区间内状态恒定，边界瞬时见事件表
R16,下降,4552.077001172168,4553.033848135996,直连,,323,R16,B,下降,4552.077001172168,4553.033848135996,True,,S003,O01,713.5661199999887,778.8658000000014,318686.20128461556,2545556.1393129765,130.09211740957033,713.5661199999887,778.8658000000014,318686.20128461556,2545556.1393129765,127.69999999999999,109.2308517,23.0085095,109.2308517,23.0085095,157,45.92517525248826,46.46079743223157,解析遮挡集合+两类距离阈值根,开区间内状态恒定，边界瞬时见事件表
R16,整数秒等待,4553.033848135996,4554.0,直连,,324,R16,B,整数秒等待,4553.033848135996,4554.0,True,,S003,O01,713.5661199999887,778.8658000000014,318686.20128461556,2545556.1393129765,127.7,713.5661199999887,778.8658000000014,318686.20128461556,2545556.1393129765,127.7,109.2308517,23.0085095,109.2308517,23.0085095,158,45.92517525248826,45.92517525248826,解析遮挡集合+两类距离阈值根,开区间内状态恒定，边界瞬时见事件表
R17,爬升,3524.0,3524.797372469857,直连,,325,R17,B,爬升,3524.0,3524.797372469857,True,,O01,S015,713.5661199999887,778.8658000000014,318686.20128461556,2545556.1393129765,127.7,713.5661199999887,778.8658000000014,318686.20128461556,2545556.1393129765,130.0921174095703,109.2308517,23.0085095,109.2308517,23.0085095,159,45.92517525248826,46.46079743223157,解析遮挡集合+两类距离阈值根,开区间内状态恒定，边界瞬时见事件表
R17,爬升,3524.797372469857,3529.1361357537785,直连,,326,R17,B,爬升,3524.797372469857,3529.1361357537785,True,,O01,S015,713.5661199999887,778.8658000000014,318686.20128461556,2545556.1393129765,130.0921174095703,713.5661199999887,778.8658000000014,318686.20128461556,2545556.1393129765,143.1084072613349,109.2308517,23.0085095,109.2308517,23.0085095,159,57.03163249228426,61.03952087325242,解析遮挡集合+两类距离阈值根,开区间内状态恒定，边界瞬时见事件表
R17,爬升,3529.1361357537785,3673.6240275065106,直连,,327,R17,B,爬升,3529.1361357537785,3673.6240275065106,True,,O01,S015,713.5661199999887,778.8658000000014,318686.20128461556,2545556.1393129765,143.1084072613349,713.5661199999887,778.8658000000014,318686.20128461556,2545556.1393129765,576.5720825195312,109.2308517,23.0085095,109.2308517,23.0085095,159,29.299219631628887,35.413313848632654,解析遮挡集合+两类距离阈值根,开区间内状态恒定，边界瞬时见事件表
R17,巡航,3673.6240275065106,3680.2001723135004,直连,,328,R17,B,巡航,3673.6240275065106,3680.2001723135004,True,,O01,S015,713.5661199999887,778.8658000000014,318686.20128461556,2545556.1393129765,576.5720825195312,711.2926671496722,776.4462598799681,318622.3835781666,2545631.356189149,576.5720825195312,109.2308517,23.0085095,109.23022018531935,23.009181594477784,160,29.075341326530307,29.242158831588867,解析遮挡集合+两类距离阈值根,开区间内状态恒定，边界瞬时见事件表
R17,巡航,3680.2001723135004,3925.276097056367,直连,,329,R17,B,巡航,3680.2001723135004,3925.276097056367,True,,O01,S015,711.2926671496722,776.4462598799681,318622.3835781666,2545631.356189149,576.5720825195312,626.5669538322891,686.2762514976476,316244.0625584823,2548434.49480992,576.5720825195312,109.23022018531935,23.009181594477784,109.20668526495342,23.03422881902843,160,10.352238180855437,15.9965671756499,解析遮挡集合+两类距离阈值根,开区间内状态恒定，边界瞬时见事件表
R17,巡航,3925.276097056367,3935.822810717377,直连,,330,R17,B,巡航,3925.276097056367,3935.822810717377,True,,O01,S015,626.5669538322891,686.2762514976476,316244.0625584823,2548434.49480992,576.5720825195312,622.9208272736693,682.3958325612834,316141.71276294487,2548555.1264077253,576.5720825195312,109.20668526495342,23.03422881902843,109.20567245202047,23.03530671317742,160,-8.526512829121202e-14,0.17435579212119023,解析遮挡集合+两类距离阈值根,开区间内状态恒定，边界瞬时见事件表
R17,巡航,3935.822810717377,3968.257108641107,中继,J04,331,R17,B,巡航,3935.822810717377,3968.257108641107,False,J04,O01,S015,622.9208272736693,682.3958325612834,316141.71276294487,2548555.1264077253,576.5720825195312,611.7078979317937,670.4623841055612,315826.95653957594,2548926.1046392387,576.5720825195312,109.20567245202047,23.03530671317742,109.20255774942551,23.038621559970675,160,8.127892031918691,-0.5154922638353128,解析遮挡集合+两类距离阈值根,开区间内状态恒定，边界瞬时见事件表
R17,巡航,3968.257108641107,4074.2555322500575,中继,J04,332,R17,B,巡航,3968.257108641107,4074.2555322500575,False,J04,O01,S015,611.7078979317937,670.4623841055612,315826.95653957594,2548926.1046392387,576.5720825195312,575.0629599999706,631.4627199999991,314798.3027491758,2550138.497391692,576.5720825195312,109.20255774942551,23.038621559970675,109.1923786,23.0494548,160,9.81370032126732,-2.427731013539386,解析遮挡集合+两类距离阈值根,开区间内状态恒定，边界瞬时见事件表
R17,下降,4074.2555322500575,4115.08436525787,中继,J04,333,R17,B,下降,4074.2555322500575,4115.08436525787,False,J04,O01,S015,575.0629599999706,631.4627199999991,314798.3027491758,2550138.497391692,576.5720825195312,575.0629599999706,631.4627199999991,314798.3027491758,2550138.497391692,474.5,109.1923786,23.0494548,109.1923786,23.0494548,161,9.81370032126732,-3.648086082863273,解析遮挡集合+两类距离阈值根,开区间内状态恒定，边界瞬时见事件表
R17,整数秒等待,4115.08436525787,4116.0,中继,J04,334,R17,B,整数秒等待,4115.08436525787,4116.0,False,J04,O01,S015,575.0629599999706,631.4627199999991,314798.3027491758,2550138.497391692,474.5,575.0629599999706,631.4627199999991,314798.3027491758,2550138.497391692,474.5,109.1923786,23.0494548,109.1923786,23.0494548,162,9.81370032126732,-3.64377629900018,解析遮挡集合+两类距离阈值根,开区间内状态恒定，边界瞬时见事件表
R17,交接,4116.0,4356.0,中继,J04,335,R17,B,交接,4116.0,4356.0,False,J04,O01,S015,575.0629599999706,631.4627199999991,314798.3027491758,2550138.497391692,474.5,575.0629599999706,631.4627199999991,314798.3027491758,2550138.497391692,474.5,109.1923786,23.0494548,109.1923786,23.0494548,163,9.81370032126732,-3.64377629900018,解析遮挡集合+两类距离阈值根,开区间内状态恒定，边界瞬时见事件表
R17,爬升,4356.0,4390.024027506511,中继,J04,336,R17,B,爬升,4356.0,4390.024027506511,False,J04,S015,O01,575.0629599999706,631.4627199999991,314798.3027491758,2550138.497391692,474.5,575.0629599999706,631.4627199999991,314798.3027491758,2550138.497391692,576.5720825195312,109.1923786,23.0494548,109.1923786,23.0494548,164,9.81370032126732,-3.648086082863273,解析遮挡集合+两类距离阈值根,开区间内状态恒定，边界瞬时见事件表
R17,巡航,4390.024027506511,4496.022451115461,中继,J04,337,R17,B,巡航,4390.024027506511,4496.022451115461,False,J04,S015,O01,575.0629599999706,631.4627199999991,314798.3027491758,2550138.497391692,576.5720825195312,611.7078979317937,670.4623841055612,315826.95653957594,2548926.1046392387,576.5720825195312,109.1923786,23.0494548,109.20255774942551,23.038621559970675,165,9.81370032126732,-2.427731013539386,解析遮挡集合+两类距离阈值根,开区间内状态恒定，边界瞬时见事件表
R17,巡航,4496.022451115461,4528.456749039192,中继,J04,338,R17,B,巡航,4496.022451115461,4528.456749039192,False,J04,S015,O01,611.7078979317937,670.4623841055612,315826.95653957594,2548926.1046392387,576.5720825195312,622.9208272736693,682.3958325612833,316141.71276294487,2548555.1264077253,576.5720825195312,109.20255774942551,23.038621559970675,109.20567245202047,23.03530671317742,165,8.127892031918691,-0.5154922638353128,解析遮挡集合+两类距离阈值根,开区间内状态恒定，边界瞬时见事件表
R17,巡航,4528.456749039192,4539.003462700201,直连,,339,R17,B,巡航,4528.456749039192,4539.003462700201,True,,S015,O01,622.9208272736693,682.3958325612833,316141.71276294487,2548555.1264077253,576.5720825195312,626.566953832289,686.2762514976476,316244.0625584823,2548434.49480992,576.5720825195312,109.20567245202047,23.03530671317742,109.20668526495342,23.03422881902843,165,-8.526512829121202e-14,0.17435579212119023,解析遮挡集合+两类距离阈值根,开区间内状态恒定，边界瞬时见事件表
R17,巡航,4539.003462700201,4784.079387443068,直连,,340,R17,B,巡航,4539.003462700201,4784.079387443068,True,,S015,O01,626.566953832289,686.2762514976476,316244.0625584823,2548434.49480992,576.5720825195312,711.2926671496722,776.446259879968,318622.3835781666,2545631.356189149,576.5720825195312,109.20668526495342,23.03422881902843,109.23022018531935,23.009181594477784,165,10.352238180855437,15.9965671756499,解析遮挡集合+两类距离阈值根,开区间内状态恒定，边界瞬时见事件表
R17,巡航,4784.079387443068,4790.655532250058,直连,,341,R17,B,巡航,4784.079387443068,4790.655532250058,True,,S015,O01,711.2926671496722,776.446259879968,318622.3835781666,2545631.356189149,576.5720825195312,713.5661199999887,778.8658000000014,318686.20128461556,2545556.1393129765,576.5720825195312,109.23022018531935,23.009181594477784,109.2308517,23.0085095,165,29.075341326530307,29.242158831588867,解析遮挡集合+两类距离阈值根,开区间内状态恒定，边界瞬时见事件表
R17,下降,4790.655532250058,4964.041002353337,直连,,342,R17,B,下降,4790.655532250058,4964.041002353337,True,,S015,O01,713.5661199999887,778.8658000000014,318686.20128461556,2545556.1393129765,576.5720825195312,713.5661199999887,778.8658000000014,318686.20128461556,2545556.1393129765,143.108407261335,109.2308517,23.0085095,109.2308517,23.0085095,166,29.299219631628887,35.413313848632654,解析遮挡集合+两类距离阈值根,开区间内状态恒定，边界瞬时见事件表
R17,下降,4964.041002353337,4969.2475182940425,直连,,343,R17,B,下降,4964.041002353337,4969.2475182940425,True,,S015,O01,713.5661199999887,778.8658000000014,318686.20128461556,2545556.1393129765,143.108407261335,713.5661199999887,778.8658000000014,318686.20128461556,2545556.1393129765,130.09211740957033,109.2308517,23.0085095,109.2308517,23.0085095,166,57.031632492284274,61.039520873252464,解析遮挡集合+两类距离阈值根,开区间内状态恒定，边界瞬时见事件表
R17,下降,4969.2475182940425,4970.20436525787,直连,,344,R17,B,下降,4969.2475182940425,4970.20436525787,True,,S015,O01,713.5661199999887,778.8658000000014,318686.20128461556,2545556.1393129765,130.09211740957033,713.5661199999887,778.8658000000014,318686.20128461556,2545556.1393129765,127.69999999999999,109.2308517,23.0085095,109.2308517,23.0085095,166,45.92517525248826,46.46079743223157,解析遮挡集合+两类距离阈值根,开区间内状态恒定，边界瞬时见事件表
R17,整数秒等待,4970.20436525787,4971.0,直连,,345,R17,B,整数秒等待,4970.20436525787,4971.0,True,,S015,O01,713.5661199999887,778.8658000000014,318686.20128461556,2545556.1393129765,127.7,713.5661199999887,778.8658000000014,318686.20128461556,2545556.1393129765,127.7,109.2308517,23.0085095,109.2308517,23.0085095,167,45.92517525248826,45.92517525248826,解析遮挡集合+两类距离阈值根,开区间内状态恒定，边界瞬时见事件表
R18,爬升,4120.0,4120.797372469857,直连,,346,R18,A,爬升,4120.0,4120.797372469857,True,,O01,S011,713.5661199999887,778.8658000000014,318686.20128461556,2545556.1393129765,127.7,713.5661199999887,778.8658000000014,318686.20128461556,2545556.1393129765,130.0921174095703,109.2308517,23.0085095,109.2308517,23.0085095,168,45.92517525248826,46.46079743223157,解析遮挡集合+两类距离阈值根,开区间内状态恒定，边界瞬时见事件表
R18,爬升,4120.797372469857,4125.136135753778,直连,,347,R18,A,爬升,4120.797372469857,4125.136135753778,True,,O01,S011,713.5661199999887,778.8658000000014,318686.20128461556,2545556.1393129765,130.0921174095703,713.5661199999887,778.8658000000014,318686.20128461556,2545556.1393129765,143.1084072613349,109.2308517,23.0085095,109.2308517,23.0085095,168,57.03163249228426,61.03952087325242,解析遮挡集合+两类距离阈值根,开区间内状态恒定，边界瞬时见事件表
R18,爬升,4125.136135753778,4174.3860666910805,直连,,348,R18,A,爬升,4125.136135753778,4174.3860666910805,True,,O01,S011,713.5661199999887,778.8658000000014,318686.20128461556,2545556.1393129765,143.1084072613349,713.5661199999887,778.8658000000014,318686.20128461556,2545556.1393129765,290.8582000732422,109.2308517,23.0085095,109.2308517,23.0085095,168,38.829450578334075,45.13320340247998,解析遮挡集合+两类距离阈值根,开区间内状态恒定，边界瞬时见事件表
R18,巡航,4174.3860666910805,4184.871211749492,直连,,349,R18,A,巡航,4174.3860666910805,4184.871211749492,True,,O01,S011,713.5661199999887,778.8658000000014,318686.20128461556,2545556.1393129765,290.8582000732422,711.8698279498927,775.0890858622397,318639.31118552276,2545672.8973064506,290.8582000732422,109.2308517,23.0085095,109.23038050776387,23.00955858726049,169,36.34367342281209,38.062622794767066,解析遮挡集合+两类距离阈值根,开区间内状态恒定，边界瞬时见事件表
R18,巡航,4184.871211749492,4355.160375109187,直连,,350,R18,A,巡航,4184.871211749492,4355.160375109187,True,,O01,S011,711.8698279498927,775.0890858622397,318639.31118552276,2545672.8973064506,290.8582000732422,684.320361307769,713.7514994783309,317877.7694328926,2547569.163015078,290.8582000732422,109.23038050776387,23.00955858726049,109.22272787814106,23.026596805700464,169,15.20054324647073,20.683224657578734,解析遮挡集合+两类距离阈值根,开区间内状态恒定，边界瞬时见事件表
R18,巡航,4355.160375109187,4408.394238923711,直连,,351,R18,A,巡航,4355.160375109187,4408.394238923711,True,,O01,S011,684.320361307769,713.7514994783309,317877.7694328926,2547569.163015078,290.8582000732422,675.7081599999744,694.5768399999964,317639.7049010765,2548161.9520598864,290.8582000732422,109.22272787814106,23.026596805700464,109.2203356,23.0319231,169,2.96625704173033,4.011995236760185,解析遮挡集合+两类距离阈值根,开区间内状态恒定，边界瞬时见事件表
R18,下降,4408.394238923711,4439.897518953007,直连,,352,R18,A,下降,4408.394238923711,4439.897518953007,True,,O01,S011,675.7081599999744,694.5768399999964,317639.7049010765,2548161.9520598864,290.8582000732422,675.7081599999744,694.5768399999964,317639.7049010765,2548161.9520598864,212.1,109.2203356,23.0319231,109.2203356,23.0319231,170,2.96625704173033,2.971602097074225,解析遮挡集合+两类距离阈值根,开区间内状态恒定，边界瞬时见事件表
R18,整数秒等待,4439.897518953007,4440.0,直连,,353,R18,A,整数秒等待,4439.897518953007,4440.0,True,,O01,S011,675.7081599999744,694.5768399999964,317639.7049010765,2548161.9520598864,212.1,675.7081599999744,694.5768399999964,317639.7049010765,2548161.9520598864,212.1,109.2203356,23.0319231,109.2203356,23.0319231,171,2.9752461695512835,2.9752461695512835,解析遮挡集合+两类距离阈值根,开区间内状态恒定，边界瞬时见事件表
R18,交接,4440.0,4650.0,直连,,354,R18,A,交接,4440.0,4650.0,True,,O01,S011,675.7081599999744,694.5768399999964,317639.7049010765,2548161.9520598864,212.1,675.7081599999744,694.5768399999964,317639.7049010765,2548161.9520598864,212.1,109.2203356,23.0319231,109.2203356,23.0319231,172,2.9752461695512835,2.9752461695512835,解析遮挡集合+两类距离阈值根,开区间内状态恒定，边界瞬时见事件表
R18,爬升,4650.0,4676.252733357747,直连,,355,R18,A,爬升,4650.0,4676.252733357747,True,,S011,O01,675.7081599999744,694.5768399999964,317639.7049010765,2548161.9520598864,212.1,675.7081599999744,694.5768399999964,317639.7049010765,2548161.9520598864,290.8582000732422,109.2203356,23.0319231,109.2203356,23.0319231,173,2.96625704173033,2.971602097074225,解析遮挡集合+两类距离阈值根,开区间内状态恒定，边界瞬时见事件表
R18,巡航,4676.252733357747,4729.486597172271,直连,,356,R18,A,巡航,4676.252733357747,4729.486597172271,True,,S011,O01,675.7081599999744,694.5768399999964,317639.7049010765,2548161.9520598864,290.8582000732422,684.320361307769,713.7514994783309,317877.7694328926,2547569.163015078,290.8582000732422,109.2203356,23.0319231,109.22272787814106,23.026596805700464,174,2.96625704173033,4.011995236760185,解析遮挡集合+两类距离阈值根,开区间内状态恒定，边界瞬时见事件表
R18,巡航,4729.486597172271,4899.775760531966,直连,,357,R18,A,巡航,4729.486597172271,4899.775760531966,True,,S011,O01,684.320361307769,713.7514994783309,317877.7694328926,2547569.163015078,290.8582000732422,711.8698279498926,775.0890858622397,318639.31118552276,2545672.8973064506,290.8582000732422,109.22272787814106,23.026596805700464,109.23038050776387,23.00955858726049,174,15.20054324647073,20.683224657578734,解析遮挡集合+两类距离阈值根,开区间内状态恒定，边界瞬时见事件表
R18,巡航,4899.775760531966,4910.260905590378,直连,,358,R18,A,巡航,4899.775760531966,4910.260905590378,True,,S011,O01,711.8698279498926,775.0890858622397,318639.31118552276,2545672.8973064506,290.8582000732422,713.5661199999887,778.8658000000014,318686.20128461556,2545556.1393129765,290.8582000732422,109.23038050776387,23.00955858726049,109.2308517,23.0085095,174,36.34367342281209,38.062622794767066,解析遮挡集合+两类距离阈值根,开区间内状态恒定，边界瞬时见事件表
R18,下降,4910.260905590378,4969.360822715141,直连,,359,R18,A,下降,4910.260905590378,4969.360822715141,True,,S011,O01,713.5661199999887,778.8658000000014,318686.20128461556,2545556.1393129765,290.8582000732422,713.5661199999887,778.8658000000014,318686.20128461556,2545556.1393129765,143.10840726133486,109.2308517,23.0085095,109.2308517,23.0085095,175,38.829450578334075,45.13320340247999,解析遮挡集合+两类距离阈值根,开区间内状态恒定，边界瞬时见事件表
R18,下降,4969.360822715141,4974.5673386558465,直连,,360,R18,A,下降,4969.360822715141,4974.5673386558465,True,,S011,O01,713.5661199999887,778.8658000000014,318686.20128461556,2545556.1393129765,143.10840726133486,713.5661199999887,778.8658000000014,318686.20128461556,2545556.1393129765,130.0921174095703,109.2308517,23.0085095,109.2308517,23.0085095,175,57.03163249228426,61.0395208732524,解析遮挡集合+两类距离阈值根,开区间内状态恒定，边界瞬时见事件表
R18,下降,4974.5673386558465,4975.524185619674,直连,,361,R18,A,下降,4974.5673386558465,4975.524185619674,True,,S011,O01,713.5661199999887,778.8658000000014,318686.20128461556,2545556.1393129765,130.0921174095703,713.5661199999887,778.8658000000014,318686.20128461556,2545556.1393129765,127.69999999999999,109.2308517,23.0085095,109.2308517,23.0085095,175,45.92517525248826,46.46079743223157,解析遮挡集合+两类距离阈值根,开区间内状态恒定，边界瞬时见事件表
R18,整数秒等待,4975.524185619674,4976.0,直连,,362,R18,A,整数秒等待,4975.524185619674,4976.0,True,,S011,O01,713.5661199999887,778.8658000000014,318686.20128461556,2545556.1393129765,127.7,713.5661199999887,778.8658000000014,318686.20128461556,2545556.1393129765,127.7,109.2308517,23.0085095,109.2308517,23.0085095,176,45.92517525248826,45.92517525248826,解析遮挡集合+两类距离阈值根,开区间内状态恒定，边界瞬时见事件表
R19,爬升,4468.0,4468.956846963828,直连,,363,R19,C,爬升,4468.0,4468.956846963828,True,,O01,S007,713.5661199999887,778.8658000000014,318686.20128461556,2545556.1393129765,127.7,713.5661199999887,778.8658000000014,318686.20128461556,2545556.1393129765,130.0921174095703,109.2308517,23.0085095,109.2308517,23.0085095,177,45.92517525248826,46.46079743223157,解析遮挡集合+两类距离阈值根,开区间内状态恒定，边界瞬时见事件表
R19,爬升,4468.956846963828,4474.163362904534,直连,,364,R19,C,爬升,4468.956846963828,4474.163362904534,True,,O01,S007,713.5661199999887,778.8658000000014,318686.20128461556,2545556.1393129765,130.0921174095703,713.5661199999887,778.8658000000014,318686.20128461556,2545556.1393129765,143.1084072613349,109.2308517,23.0085095,109.2308517,23.0085095,177,57.03163249228426,61.03952087325242,解析遮挡集合+两类距离阈值根,开区间内状态恒定，边界瞬时见事件表
R19,爬升,4474.163362904534,4616.842668457031,直连,,365,R19,C,爬升,4474.163362904534,4616.842668457031,True,,O01,S007,713.5661199999887,778.8658000000014,318686.20128461556,2545556.1393129765,143.1084072613349,713.5661199999887,778.8658000000014,318686.20128461556,2545556.1393129765,499.8066711425781,109.2308517,23.0085095,109.2308517,23.0085095,177,31.012290096743442,37.14690201847898,解析遮挡集合+两类距离阈值根,开区间内状态恒定，边界瞬时见事件表
R19,巡航,4616.842668457031,4624.209346934512,直连,,366,R19,C,巡航,4616.842668457031,4624.209346934512,True,,O01,S007,713.5661199999887,778.8658000000014,318686.20128461556,2545556.1393129765,499.8066711425781,710.2296332584787,777.0315069217766,318591.890973835,2545613.7227692236,499.8066711425781,109.2308517,23.0085095,109.22992489812736,23.00901902585506,178,30.604342195484435,30.906654743675844,解析遮挡集合+两类距离阈值根,开区间内状态恒定，边界瞬时见事件表
R19,巡航,4624.209346934512,4873.059604306037,直连,,367,R19,C,巡航,4624.209346934512,4873.059604306037,True,,O01,S007,710.2296332584787,777.0315069217766,318591.890973835,2545613.7227692236,499.8066711425781,597.5213635980575,715.068126002348,315406.0392793067,2547558.9220814,499.8066711425781,109.22992489812736,23.00901902585506,109.19861704544391,23.02623107611046,178,10.215492345676523,15.890546013145396,解析遮挡集合+两类距离阈值根,开区间内状态恒定，边界瞬时见事件表
R19,巡航,4873.059604306037,4879.5490748136735,直连,,368,R19,C,巡航,4873.059604306037,4879.5490748136735,True,,O01,S007,597.5213635980575,715.068126002348,315406.0392793067,2547558.9220814,499.8066711425781,594.5821784043042,713.4522565341891,315322.95923417545,2547609.6486255527,499.8066711425781,109.19861704544391,23.02623107611046,109.1978006051123,23.026679928740503,178,-2.1316282072803006e-13,0.10708337871702156,解析遮挡集合+两类距离阈值根,开区间内状态恒定，边界瞬时见事件表
R19,巡航,4879.5490748136735,4919.14453483554,中继,J04,369,R19,C,巡航,4879.5490748136735,4919.14453483554,False,J04,O01,S007,594.5821784043042,713.4522565341891,315322.95923417545,2547609.6486255527,499.8066711425781,576.6487599999573,703.5930399999985,314816.0469056985,2547919.156288568,499.8066711425781,109.1978006051123,23.026679928740503,109.1928191,23.0294186,178,6.279276785222265,-0.6264279662278369,解析遮挡集合+两类距离阈值根,开区间内状态恒定，边界瞬时见事件表
R19,下降,4919.14453483554,4994.797870406829,中继,J04,370,R19,C,下降,4919.14453483554,4994.797870406829,False,J04,O01,S007,576.6487599999573,703.5930399999985,314816.0469056985,2547919.156288568,499.8066711425781,576.6487599999573,703.5930399999985,314816.0469056985,2547919.156288568,348.5,109.1928191,23.0294186,109.1928191,23.0294186,179,7.266364806384871,-1.200978899655496,解析遮挡集合+两类距离阈值根,开区间内状态恒定，边界瞬时见事件表
R19,整数秒等待,4994.797870406829,4995.0,中继,J04,371,R19,C,整数秒等待,4994.797870406829,4995.0,False,J04,O01,S007,576.6487599999573,703.5930399999985,314816.0469056985,2547919.156288568,348.5,576.6487599999573,703.5930399999985,314816.0469056985,2547919.156288568,348.5,109.1928191,23.0294186,109.1928191,23.0294186,180,7.266364806384871,-1.1933744791611502,解析遮挡集合+两类距离阈值根,开区间内状态恒定，边界瞬时见事件表
R19,交接,4995.0,5211.0,中继,J04,372,R19,C,交接,4995.0,5211.0,False,J04,O01,S007,576.6487599999573,703.5930399999985,314816.0469056985,2547919.156288568,348.5,576.6487599999573,703.5930399999985,314816.0469056985,2547919.156288568,348.5,109.1928191,23.0294186,109.1928191,23.0294186,181,7.266364806384871,-1.1933744791611502,解析遮挡集合+两类距离阈值根,开区间内状态恒定，边界瞬时见事件表
R19,爬升,5211.0,5239.05859375,中继,J04,373,R19,C,爬升,5211.0,5239.05859375,False,J04,S007,S003,576.6487599999573,703.5930399999985,314816.0469056985,2547919.156288568,348.5,576.6487599999573,703.5930399999985,314816.0469056985,2547919.156288568,418.646484375,109.1928191,23.0294186,109.1928191,23.0294186,182,7.266364806384871,-1.1966017875452337,解析遮挡集合+两类距离阈值根,开区间内状态恒定，边界瞬时见事件表
R19,巡航,5239.05859375,5421.3480376532625,中继,J04,374,R19,C,巡航,5239.05859375,5421.3480376532625,False,J04,S007,S003,576.6487599999573,703.5930399999985,314816.0469056985,2547919.156288568,418.646484375,490.3880799999695,664.5229599999909,312375.1586332822,2549151.5071912156,418.646484375,109.1928191,23.0294186,109.1688578,23.0402714,183,6.883764625084993,-3.477896405201065,解析遮挡集合+两类距离阈值根,开区间内状态恒定，边界瞬时见事件表
R19,下降,5421.3480376532625,5461.4212798407625,中继,J04,375,R19,C,下降,5421.3480376532625,5461.4212798407625,False,J04,S007,S003,490.3880799999695,664.5229599999909,312375.1586332822,2549151.5071912156,418.646484375,490.3880799999695,664.5229599999909,312375.1586332822,2549151.5071912156,338.5,109.1688578,23.0402714,109.1688578,23.0402714,184,6.837137484766231,-5.281323348932588,解析遮挡集合+两类距离阈值根,开区间内状态恒定，边界瞬时见事件表
R19,整数秒等待,5461.4212798407625,5462.0,中继,J04,376,R19,C,整数秒等待,5461.4212798407625,5462.0,False,J04,S007,S003,490.3880799999695,664.5229599999909,312375.1586332822,2549151.5071912156,338.5,490.3880799999695,664.5229599999909,312375.1586332822,2549151.5071912156,338.5,109.1688578,23.0402714,109.1688578,23.0402714,185,6.837137484766231,-5.279933477988692,解析遮挡集合+两类距离阈值根,开区间内状态恒定，边界瞬时见事件表
R19,交接,5462.0,5822.0,中继,J04,377,R19,C,交接,5462.0,5822.0,False,J04,S007,S003,490.3880799999695,664.5229599999909,312375.1586332822,2549151.5071912156,338.5,490.3880799999695,664.5229599999909,312375.1586332822,2549151.5071912156,338.5,109.1688578,23.0402714,109.1688578,23.0402714,186,6.837137484766231,-5.279933477988692,解析遮挡集合+两类距离阈值根,开区间内状态恒定，边界瞬时见事件表
R19,爬升,5822.0,5906.813818359375,中继,J04,378,R19,C,爬升,5822.0,5906.813818359375,False,J04,S003,O01,490.3880799999695,664.5229599999909,312375.1586332822,2549151.5071912156,338.5,490.3880799999695,664.5229599999909,312375.1586332822,2549151.5071912156,550.5345458984375,109.1688578,23.0402714,109.1688578,23.0402714,187,6.837137484766231,-5.284184140321969,解析遮挡集合+两类距离阈值根,开区间内状态恒定，边界瞬时见事件表
R19,巡航,5906.813818359375,5911.870709827207,中继,J04,379,R19,C,巡航,5906.813818359375,5911.870709827207,False,J04,S003,O01,490.3880799999695,664.5229599999909,312375.1586332822,2549151.5071912156,550.5345458984375,492.71880326532147,665.7170807002822,312441.0669723647,2549113.959556326,550.5345458984375,109.1688578,23.0402714,109.16950522312926,23.039939699805476,188,6.9462820131695935,-5.244942411451518,解析遮挡集合+两类距离阈值根,开区间内状态恒定，边界瞬时见事件表
R19,巡航,5911.870709827207,5941.851733954821,中继,J04,380,R19,C,巡航,5911.870709827207,5941.851733954821,False,J04,S003,O01,492.71880326532147,665.7170807002822,312441.0669723647,2549113.959556326,550.5345458984375,506.53706907106647,672.7967188049262,312831.8207618841,2548891.349173105,550.5345458984375,109.16950522312926,23.039939699805476,109.17334363029752,23.037973133665297,188,7.059489027499865,-4.924187861963077,解析遮挡集合+两类距离阈值根,开区间内状态恒定，边界瞬时见事件表
R19,巡航,5941.851733954821,6128.653408782074,中继,J04,381,R19,C,巡航,5941.851733954821,6128.653408782074,False,J04,S003,O01,506.53706907106647,672.7967188049262,312831.8207618841,2548891.349173105,550.5345458984375,592.6340344293596,716.9075620332694,315266.4761631346,2547504.338768035,550.5345458984375,109.17334363029752,23.037973133665297,109.19725945400816,23.025720121657425,188,6.034435517466022,-2.624430794849218,解析遮挡集合+两类距离阈值根,开区间内状态恒定，边界瞬时见事件表
R19,巡航,6128.653408782074,6136.966211586974,直连,,382,R19,C,巡航,6128.653408782074,6136.966211586974,True,,S003,O01,592.6340344293596,716.9075620332694,315266.4761631346,2547504.338768035,550.5345458984375,596.4654085098423,718.8705248474638,315374.82000034704,2547442.615852562,550.5345458984375,109.19725945400816,23.025720121657425,109.19832372458607,23.025174854209038,188,0.0,0.13723388344727994,解析遮挡集合+两类距离阈值根,开区间内状态恒定，边界瞬时见事件表
R19,巡航,6136.966211586974,6246.0,直连,,383,R19,C,巡航,6136.966211586974,6246.0,True,,S003,O01,596.4654085098423,718.8705248474638,315374.82000034704,2547442.615852562,550.5345458984375,646.7191244498141,744.6174693099641,316795.89774027665,2546633.0353219113,550.5345458984375,109.19832372458607,23.025174854209038,109.21228309012496,23.018022925191676,188,10.276646653337338,12.344850134140259,解析遮挡集合+两类距离阈值根,开区间内状态恒定，边界瞬时见事件表
R19,巡航,6246.0,6247.0,直连,,384,R19,C,巡航,6246.0,6247.0,True,,S003,O01,646.7191244498141,744.6174693099641,316795.89774027665,2546633.0353219113,550.5345458984375,647.180024842907,744.8536066104949,316808.9311105797,2546625.6102792486,550.5345458984375,109.21228309012496,23.018022925191676,109.21241111801193,23.017957331497083,188,15.048045767384792,15.07704380128287,解析遮挡集合+两类距离阈值根,开区间内状态恒定，边界瞬时见事件表
R19,巡航,6247.0,6294.8864290963875,直连,,385,R19,C,巡航,6247.0,6294.8864290963875,True,,S003,O01,647.180024842907,744.8536066104949,316808.9311105797,2546625.6102792486,550.5345458984375,669.2508988372474,756.1613787093763,317433.0526734829,2546270.05150024,550.5345458984375,109.21241111801193,23.017957331497083,109.21854191634368,23.01481628369184,188,15.106135605765644,16.62170969424278,解析遮挡集合+两类距离阈值根,开区间内状态恒定，边界瞬时见事件表
R19,巡航,6294.8864290963875,6383.810653126882,直连,,386,R19,C,巡航,6294.8864290963875,6383.810653126882,True,,S003,O01,669.2508988372474,756.1613787093763,317433.0526734829,2546270.05150024,550.5345458984375,710.2361086483835,777.159704923735,318592.03501418233,2545609.78534306,550.5345458984375,109.21854191634368,23.01481628369184,109.22992669684677,23.00898341529896,188,18.438784300143666,23.118387739266694,解析遮挡集合+两类距离阈值根,开区间内状态恒定，边界瞬时见事件表
R19,巡航,6383.810653126882,6387.323433958725,直连,,387,R19,C,巡航,6383.810653126882,6387.323433958725,True,,S003,O01,710.2361086483835,777.159704923735,318592.03501418233,2545609.78534306,550.5345458984375,711.8551507146294,777.9892035067229,318637.8183875571,2545583.702795518,550.5345458984375,109.22992669684677,23.00898341529896,109.23037643075406,23.00875299902591,188,29.539762199710637,29.66679289454507,解析遮挡集合+两类距离阈值根,开区间内状态恒定，边界瞬时见事件表
R19,巡航,6387.323433958725,6391.03566616985,直连,,388,R19,C,巡航,6387.323433958725,6391.03566616985,True,,S003,O01,711.8551507146294,777.9892035067229,318637.8183875571,2545583.702795518,550.5345458984375,713.5661199999887,778.8658000000014,318686.20128461556,2545556.1393129765,550.5345458984375,109.23037643075406,23.00875299902591,109.2308517,23.0085095,188,29.76104188540417,29.822544921764518,解析遮挡集合+两类距离阈值根,开区间内状态恒定，边界瞬时见事件表
R19,下降,6391.03566616985,6476.0,直连,,389,R19,C,下降,6391.03566616985,6476.0,True,,S003,O01,713.5661199999887,778.8658000000014,318686.20128461556,2545556.1393129765,550.5345458984375,713.5661199999887,778.8658000000014,318686.20128461556,2545556.1393129765,380.6058782381366,109.2308517,23.0085095,109.2308517,23.0085095,189,29.84324102000643,31.9007785326381,解析遮挡集合+两类距离阈值根,开区间内状态恒定，边界瞬时见事件表
R19,下降,6476.0,6599.03181723659,直连,,390,R19,C,下降,6476.0,6599.03181723659,True,,S003,O01,713.5661199999887,778.8658000000014,318686.20128461556,2545556.1393129765,380.6058782381366,713.5661199999887,778.8658000000014,318686.20128461556,2545556.1393129765,134.54224376495716,109.2308517,23.0085095,109.2308517,23.0085095,189,34.60216617187375,41.127871634591244,解析遮挡集合+两类距离阈值根,开区间内状态恒定，边界瞬时见事件表
R19,下降,6599.03181723659,6601.256880414283,直连,,391,R19,C,下降,6599.03181723659,6601.256880414283,True,,S003,O01,713.5661199999887,778.8658000000014,318686.20128461556,2545556.1393129765,134.54224376495716,713.5661199999887,778.8658000000014,318686.20128461556,2545556.1393129765,130.09211740957033,109.2308517,23.0085095,109.2308517,23.0085095,189,57.031632492284274,58.205056332694156,解析遮挡集合+两类距离阈值根,开区间内状态恒定，边界瞬时见事件表
R19,下降,6601.256880414283,6602.452939119068,直连,,392,R19,C,下降,6601.256880414283,6602.452939119068,True,,S003,O01,713.5661199999887,778.8658000000014,318686.20128461556,2545556.1393129765,130.09211740957033,713.5661199999887,778.8658000000014,318686.20128461556,2545556.1393129765,127.69999999999999,109.2308517,23.0085095,109.2308517,23.0085095,189,45.92517525248826,46.46079743223157,解析遮挡集合+两类距离阈值根,开区间内状态恒定，边界瞬时见事件表
R19,整数秒等待,6602.452939119068,6603.0,直连,,393,R19,C,整数秒等待,6602.452939119068,6603.0,True,,S003,O01,713.5661199999887,778.8658000000014,318686.20128461556,2545556.1393129765,127.7,713.5661199999887,778.8658000000014,318686.20128461556,2545556.1393129765,127.7,109.2308517,23.0085095,109.2308517,23.0085095,190,45.92517525248826,45.92517525248826,解析遮挡集合+两类距离阈值根,开区间内状态恒定，边界瞬时见事件表
R20,爬升,4512.0,4512.956846963828,直连,,394,R20,C,爬升,4512.0,4512.956846963828,True,,O01,S005,713.5661199999887,778.8658000000014,318686.20128461556,2545556.1393129765,127.7,713.5661199999887,778.8658000000014,318686.20128461556,2545556.1393129765,130.0921174095703,109.2308517,23.0085095,109.2308517,23.0085095,191,45.92517525248826,46.46079743223157,解析遮挡集合+两类距离阈值根,开区间内状态恒定，边界瞬时见事件表
R20,爬升,4512.956846963828,4518.163362904534,直连,,395,R20,C,爬升,4512.956846963828,4518.163362904534,True,,O01,S005,713.5661199999887,778.8658000000014,318686.20128461556,2545556.1393129765,130.0921174095703,713.5661199999887,778.8658000000014,318686.20128461556,2545556.1393129765,143.1084072613349,109.2308517,23.0085095,109.2308517,23.0085095,191,57.03163249228426,61.03952087325242,解析遮挡集合+两类距离阈值根,开区间内状态恒定，边界瞬时见事件表
R20,爬升,4518.163362904534,4590.1385546875,直连,,396,R20,C,爬升,4518.163362904534,4590.1385546875,True,,O01,S005,713.5661199999887,778.8658000000014,318686.20128461556,2545556.1393129765,143.1084072613349,713.5661199999887,778.8658000000014,318686.20128461556,2545556.1393129765,323.04638671875,109.2308517,23.0085095,109.2308517,23.0085095,191,37.06783874565201,43.31891697020501,解析遮挡集合+两类距离阈值根,开区间内状态恒定，边界瞬时见事件表
R20,巡航,4590.1385546875,4599.852968335818,直连,,397,R20,C,巡航,4590.1385546875,4599.852968335818,True,,O01,S005,713.5661199999887,778.8658000000014,318686.20128461556,2545556.1393129765,323.04638671875,713.3126642179544,774.1348075251533,318680.7453674507,2545701.7533414466,323.04638671875,109.2308517,23.0085095,109.2307812956161,23.009823664576345,192,34.787448536847094,36.37616131202731,解析遮挡集合+两类距离阈值根,开区间内状态恒定，边界瞬时见事件表
R20,巡航,4599.852968335818,4816.015971692516,直连,,398,R20,C,巡航,4599.852968335818,4816.015971692516,True,,O01,S005,713.3126642179544,774.1348075251533,318680.7453674507,2545701.7533414466,323.04638671875,707.672821707014,668.8617998847878,318559.34149449255,2548941.924788172,323.04638671875,109.2307812956161,23.009823664576345,109.2292146726964,23.03906616669867,192,11.334877401339142,16.95878500840172,解析遮挡集合+两类距离阈值根,开区间内状态恒定，边界瞬时见事件表
R20,巡航,4816.015971692516,4853.632432661607,直连,,399,R20,C,巡航,4816.015971692516,4853.632432661607,True,,O01,S005,707.672821707014,668.8617998847878,318559.34149449255,2548941.924788172,323.04638671875,706.6913821804059,650.5423006110473,318538.2149188172,2549505.7760525704,323.04638671875,109.2292146726964,23.03906616669867,109.22894205060567,23.04415491649693,192,5.684341886080802e-14,0.641878973816219,解析遮挡集合+两类距离阈值根,开区间内状态恒定，边界瞬时见事件表
R20,巡航,4853.632432661607,4942.181333985172,中继,J04,400,R20,C,巡航,4853.632432661607,4942.181333985172,False,J04,O01,S005,706.6913821804059,650.5423006110473,318538.2149188172,2549505.7760525704,323.04638671875,704.3810799999831,607.4183199999924,318488.4830988483,2550833.0782146063,323.04638671875,109.22894205060567,23.04415491649693,109.2283003,23.0561338,192,4.007162074996842,-1.3467894040128527,解析遮挡集合+两类距离阈值根,开区间内状态恒定，边界瞬时见事件表
R20,下降,4942.181333985172,5006.204527344547,中继,J04,401,R20,C,下降,4942.181333985172,5006.204527344547,False,J04,O01,S005,704.3810799999831,607.4183199999924,318488.4830988483,2550833.0782146063,323.04638671875,704.3810799999831,607.4183199999924,318488.4830988483,2550833.0782146063,195.0,109.2283003,23.0561338,109.2283003,23.0561338,193,4.377130390327011,-2.5098885170910137,解析遮挡集合+两类距离阈值根,开区间内状态恒定，边界瞬时见事件表
R20,整数秒等待,5006.204527344547,5007.0,中继,J04,402,R20,C,整数秒等待,5006.204527344547,5007.0,False,J04,O01,S005,704.3810799999831,607.4183199999924,318488.4830988483,2550833.0782146063,195.0,704.3810799999831,607.4183199999924,318488.4830988483,2550833.0782146063,195.0,109.2283003,23.0561338,109.2283003,23.0561338,194,4.377130390327011,-2.5083072653230545,解析遮挡集合+两类距离阈值根,开区间内状态恒定，边界瞬时见事件表
R20,交接,5007.0,5403.0,中继,J04,403,R20,C,交接,5007.0,5403.0,False,J04,O01,S005,704.3810799999831,607.4183199999924,318488.4830988483,2550833.0782146063,195.0,704.3810799999831,607.4183199999924,318488.4830988483,2550833.0782146063,195.0,109.2283003,23.0561338,109.2283003,23.0561338,195,4.377130390327011,-2.5083072653230545,解析遮挡集合+两类距离阈值根,开区间内状态恒定，边界瞬时见事件表
R20,爬升,5403.0,5462.990869140625,中继,J04,404,R20,C,爬升,5403.0,5462.990869140625,False,J04,S005,S011,704.3810799999831,607.4183199999924,318488.4830988483,2550833.0782146063,195.0,704.3810799999831,607.4183199999924,318488.4830988483,2550833.0782146063,344.9771728515625,109.2283003,23.0561338,109.2283003,23.0561338,196,4.377130390327011,-2.5102872820120012,解析遮挡集合+两类距离阈值根,开区间内状态恒定，边界瞬时见事件表
R20,巡航,5462.990869140625,5482.493967840864,中继,J04,405,R20,C,巡航,5462.990869140625,5482.493967840864,False,J04,S005,S011,704.3810799999831,607.4183199999924,318488.4830988483,2550833.0782146063,344.9771728515625,701.3882343147947,616.5158238645914,318399.8886282858,2550554.269206429,344.9771728515625,109.2283003,23.0561338,109.22746895397634,23.05360671559317,197,4.436648239963176,-2.2853312212646557,解析遮挡集合+两类距离阈值根,开区间内状态恒定，边界瞬时见事件表
R20,巡航,5482.493967840864,5532.053679482437,直连,,406,R20,C,巡航,5482.493967840864,5532.053679482437,True,,S005,S011,701.3882343147947,616.5158238645914,318399.8886282858,2550554.269206429,344.9771728515625,693.7830546751176,639.6336717059771,318174.75945873157,2549845.782095703,344.9771728515625,109.22746895397634,23.05360671559317,109.22535640407642,23.047185091192784,197,7.948658063383419,8.568447527242427,解析遮挡集合+两类距离阈值根,开区间内状态恒定，边界瞬时见事件表
R20,巡航,5532.053679482437,5559.311563465588,中继,J04,407,R20,C,巡航,5532.053679482437,5559.311563465588,False,J04,S005,S011,693.7830546751176,639.6336717059771,318174.75945873157,2549845.782095703,344.9771728515625,689.6001993391425,652.3485078809324,318050.9382220522,2549456.113576092,344.9771728515625,109.22535640407642,23.047185091192784,109.22419449981643,23.043653192255295,197,5.0151468143998414,-0.3930933323158996,解析遮挡集合+两类距离阈值根,开区间内状态恒定，边界瞬时见事件表
R20,巡航,5559.311563465588,5580.44120948069,直连,,408,R20,C,巡航,5559.311563465588,5580.44120948069,True,,S005,S011,689.6001993391425,652.3485078809324,318050.9382220522,2549456.113576092,344.9771728515625,686.3577520297266,662.2047383822764,317954.95502314344,2549154.0520555535,344.9771728515625,109.22419449981643,23.043653192255295,109.22329382000827,23.040915350449367,197,8.526512829121202e-14,0.31406220839380694,解析遮挡集合+两类距离阈值根,开区间内状态恒定，边界瞬时见事件表
R20,巡航,5580.44120948069,5649.840058041921,直连,,409,R20,C,巡航,5580.44120948069,5649.840058041921,True,,S005,S011,686.3577520297266,662.2047383822764,317954.95502314344,2549154.0520555535,344.9771728515625,675.7081599999744,694.5768399999964,317639.7049010765,2548161.9520598864,344.9771728515625,109.22329382000827,23.040915350449367,109.2203356,23.0319231,197,10.636453012827559,11.754378289627908,解析遮挡集合+两类距离阈值根,开区间内状态恒定，边界瞬时见事件表
R20,下降,5649.840058041921,5655.8211506224725,直连,,410,R20,C,下降,5649.840058041921,5655.8211506224725,True,,S005,S011,675.7081599999744,694.5768399999964,317639.7049010765,2548161.9520598864,344.9771728515625,675.7081599999744,694.5768399999964,317639.7049010765,2548161.9520598864,333.01498769045884,109.2203356,23.0319231,109.2203356,23.0319231,198,12.956147972488523,12.957421882392467,解析遮挡集合+两类距离阈值根,开区间内状态恒定，边界瞬时见事件表
R20,下降,5655.8211506224725,5716.278644467702,直连,,411,R20,C,下降,5655.8211506224725,5716.278644467702,True,,S005,S011,675.7081599999744,694.5768399999964,317639.7049010765,2548161.9520598864,333.01498769045884,675.7081599999744,694.5768399999964,317639.7049010765,2548161.9520598864,212.1,109.2203356,23.0319231,109.2203356,23.0319231,198,2.9586569318176146,2.9689522686032035,解析遮挡集合+两类距离阈值根,开区间内状态恒定，边界瞬时见事件表
R20,整数秒等待,5716.278644467702,5717.0,直连,,412,R20,C,整数秒等待,5716.278644467702,5717.0,True,,S005,S011,675.7081599999744,694.5768399999964,317639.7049010765,2548161.9520598864,212.1,675.7081599999744,694.5768399999964,317639.7049010765,2548161.9520598864,212.1,109.2203356,23.0319231,109.2203356,23.0319231,199,2.9752461695512835,2.9752461695512835,解析遮挡集合+两类距离阈值根,开区间内状态恒定，边界瞬时见事件表
R20,交接,5717.0,5933.0,直连,,413,R20,C,交接,5717.0,5933.0,True,,S005,S011,675.7081599999744,694.5768399999964,317639.7049010765,2548161.9520598864,212.1,675.7081599999744,694.5768399999964,317639.7049010765,2548161.9520598864,212.1,109.2203356,23.0319231,109.2203356,23.0319231,200,2.9752461695512835,2.9752461695512835,解析遮挡集合+两类距离阈值根,开区间内状态恒定，边界瞬时见事件表
R20,爬升,5933.0,5964.503280029297,直连,,414,R20,C,爬升,5933.0,5964.503280029297,True,,S011,O01,675.7081599999744,694.5768399999964,317639.7049010765,2548161.9520598864,212.1,675.7081599999744,694.5768399999964,317639.7049010765,2548161.9520598864,290.8582000732422,109.2203356,23.0319231,109.2203356,23.0319231,201,2.96625704173033,2.971602097074225,解析遮挡集合+两类距离阈值根,开区间内状态恒定，边界瞬时见事件表
R20,巡航,5964.503280029297,6007.090371080916,直连,,415,R20,C,巡航,5964.503280029297,6007.090371080916,True,,S011,O01,675.7081599999744,694.5768399999964,317639.7049010765,2548161.9520598864,290.8582000732422,684.320361307769,713.7514994783309,317877.7694328926,2547569.163015078,290.8582000732422,109.2203356,23.0319231,109.22272787814106,23.026596805700464,202,2.96625704173033,4.011995236760185,解析遮挡集合+两类距离阈值根,开区间内状态恒定，边界瞬时见事件表
R20,巡航,6007.090371080916,6143.321701768671,直连,,416,R20,C,巡航,6007.090371080916,6143.321701768671,True,,S011,O01,684.320361307769,713.7514994783309,317877.7694328926,2547569.163015078,290.8582000732422,711.8698279498926,775.0890858622397,318639.31118552276,2545672.8973064506,290.8582000732422,109.22272787814106,23.026596805700464,109.23038050776387,23.00955858726049,202,15.20054324647073,20.683224657578734,解析遮挡集合+两类距离阈值根,开区间内状态恒定，边界瞬时见事件表
R20,巡航,6143.321701768671,6151.709817815401,直连,,417,R20,C,巡航,6143.321701768671,6151.709817815401,True,,S011,O01,711.8698279498926,775.0890858622397,318639.31118552276,2545672.8973064506,290.8582000732422,713.5661199999887,778.8658000000014,318686.20128461556,2545556.1393129765,290.8582000732422,109.23038050776387,23.00955858726049,109.2308517,23.0085095,202,36.34367342281209,38.062622794767066,解析遮挡集合+两类距离阈值根,开区间内状态恒定，边界瞬时见事件表
R20,下降,6151.709817815401,6225.584714221354,直连,,418,R20,C,下降,6151.709817815401,6225.584714221354,True,,S011,O01,713.5661199999887,778.8658000000014,318686.20128461556,2545556.1393129765,290.8582000732422,713.5661199999887,778.8658000000014,318686.20128461556,2545556.1393129765,143.10840726133486,109.2308517,23.0085095,109.2308517,23.0085095,203,38.829450578334075,45.13320340247999,解析遮挡集合+两类距离阈值根,开区间内状态恒定，边界瞬时见事件表
R20,下降,6225.584714221354,6232.092859147237,直连,,419,R20,C,下降,6225.584714221354,6232.092859147237,True,,S011,O01,713.5661199999887,778.8658000000014,318686.20128461556,2545556.1393129765,143.10840726133486,713.5661199999887,778.8658000000014,318686.20128461556,2545556.1393129765,130.0921174095703,109.2308517,23.0085095,109.2308517,23.0085095,203,57.03163249228426,61.0395208732524,解析遮挡集合+两类距离阈值根,开区间内状态恒定，边界瞬时见事件表
R20,下降,6232.092859147237,6233.288917852022,直连,,420,R20,C,下降,6232.092859147237,6233.288917852022,True,,S011,O01,713.5661199999887,778.8658000000014,318686.20128461556,2545556.1393129765,130.0921174095703,713.5661199999887,778.8658000000014,318686.20128461556,2545556.1393129765,127.69999999999999,109.2308517,23.0085095,109.2308517,23.0085095,203,45.92517525248826,46.46079743223157,解析遮挡集合+两类距离阈值根,开区间内状态恒定，边界瞬时见事件表
R20,整数秒等待,6233.288917852022,6234.0,直连,,421,R20,C,整数秒等待,6233.288917852022,6234.0,True,,S011,O01,713.5661199999887,778.8658000000014,318686.20128461556,2545556.1393129765,127.7,713.5661199999887,778.8658000000014,318686.20128461556,2545556.1393129765,127.7,109.2308517,23.0085095,109.2308517,23.0085095,204,45.92517525248826,45.92517525248826,解析遮挡集合+两类距离阈值根,开区间内状态恒定，边界瞬时见事件表
R21,爬升,5304.0,5304.797372469857,直连,,422,R21,B,爬升,5304.0,5304.797372469857,True,,O01,S008,713.5661199999887,778.8658000000014,318686.20128461556,2545556.1393129765,127.7,713.5661199999887,778.8658000000014,318686.20128461556,2545556.1393129765,130.0921174095703,109.2308517,23.0085095,109.2308517,23.0085095,205,45.92517525248826,46.46079743223157,解析遮挡集合+两类距离阈值根,开区间内状态恒定，边界瞬时见事件表
R21,爬升,5304.797372469857,5309.136135753778,直连,,423,R21,B,爬升,5304.797372469857,5309.136135753778,True,,O01,S008,713.5661199999887,778.8658000000014,318686.20128461556,2545556.1393129765,130.0921174095703,713.5661199999887,778.8658000000014,318686.20128461556,2545556.1393129765,143.1084072613349,109.2308517,23.0085095,109.2308517,23.0085095,205,57.03163249228426,61.03952087325242,解析遮挡集合+两类距离阈值根,开区间内状态恒定，边界瞬时见事件表
R21,爬升,5309.136135753778,5386.210524495443,直连,,424,R21,B,爬升,5309.136135753778,5386.210524495443,True,,O01,S008,713.5661199999887,778.8658000000014,318686.20128461556,2545556.1393129765,143.1084072613349,713.5661199999887,778.8658000000014,318686.20128461556,2545556.1393129765,374.3315734863281,109.2308517,23.0085095,109.2308517,23.0085095,205,34.83936688437511,41.03775145897518,解析遮挡集合+两类距离阈值根,开区间内状态恒定，边界瞬时见事件表
R21,巡航,5386.210524495443,5394.559052428268,直连,,425,R21,B,巡航,5386.210524495443,5394.559052428268,True,,O01,S008,713.5661199999887,778.8658000000014,318686.20128461556,2545556.1393129765,374.3315734863281,712.5558756540916,774.9038476125568,318658.92326532217,2545678.3601841833,374.3315734863281,109.2308517,23.0085095,109.23057107657058,23.009610042329843,206,33.682182353106185,34.5199080021368,解析遮挡集合+两类距离阈值根,开区间内状态恒定，边界瞬时见事件表
R21,巡航,5394.559052428268,5649.530480480105,直连,,426,R21,B,巡航,5394.559052428268,5649.530480480105,True,,O01,S008,712.5558756540916,774.9038476125568,318658.92326532217,2545678.3601841833,374.3315734863281,681.7021196833053,653.9023170159786,317825.8284263726,2549411.093705605,374.3315734863281,109.23057107657058,23.009610042329843,109.22200058880092,23.043221578606673,206,10.000000000000497,15.710363481010674,解析遮挡集合+两类距离阈值根,开区间内状态恒定，边界瞬时见事件表
R21,巡航,5649.530480480105,5714.136557526221,直连,,427,R21,B,巡航,5649.530480480105,5714.136557526221,True,,O01,S008,681.7021196833053,653.9023170159786,317825.8284263726,2549411.093705605,374.3315734863281,673.884223573764,623.2422769159909,317614.73422745336,2550356.914464112,374.3315734863281,109.22200058880092,23.043221578606673,109.21982895099272,23.051738256412225,206,8.099222700448053,8.997856537817071,解析遮挡集合+两类距离阈值根,开区间内状态恒定，边界瞬时见事件表
R21,巡航,5714.136557526221,5924.818167750721,中继,J04,428,R21,B,巡航,5714.136557526221,5924.818167750721,False,J04,O01,S008,673.884223573764,623.2422769159909,317614.73422745336,2550356.914464112,374.3315734863281,648.3899199999631,523.2593199999969,316926.3521468387,2553441.2534225625,374.3315734863281,109.21982895099272,23.051738256412225,109.2127472,23.0795113,206,4.763713961383715,-4.316436991913605,解析遮挡集合+两类距离阈值根,开区间内状态恒定，边界瞬时见事件表
R21,下降,5924.818167750721,5966.190797145252,中继,J04,429,R21,B,下降,5924.818167750721,5966.190797145252,False,J04,O01,S008,648.3899199999631,523.2593199999969,316926.3521468387,2553441.2534225625,374.3315734863281,648.3899199999631,523.2593199999969,316926.3521468387,2553441.2534225625,270.9,109.2127472,23.0795113,109.2127472,23.0795113,207,4.722945684702211,-6.203535484928807,解析遮挡集合+两类距离阈值根,开区间内状态恒定，边界瞬时见事件表
R21,整数秒等待,5966.190797145252,5967.0,中继,J04,430,R21,B,整数秒等待,5966.190797145252,5967.0,False,J04,O01,S008,648.3899199999631,523.2593199999969,316926.3521468387,2553441.2534225625,270.9,648.3899199999631,523.2593199999969,316926.3521468387,2553441.2534225625,270.9,109.2127472,23.0795113,109.2127472,23.0795113,208,4.722945684702211,-6.202510039323613,解析遮挡集合+两类距离阈值根,开区间内状态恒定，边界瞬时见事件表
R21,交接,5967.0,6207.0,中继,J04,431,R21,B,交接,5967.0,6207.0,False,J04,O01,S008,648.3899199999631,523.2593199999969,316926.3521468387,2553441.2534225625,270.9,648.3899199999631,523.2593199999969,316926.3521468387,2553441.2534225625,270.9,109.2127472,23.0795113,109.2127472,23.0795113,209,4.722945684702211,-6.202510039323613,解析遮挡集合+两类距离阈值根,开区间内状态恒定，边界瞬时见事件表
R21,爬升,6207.0,6241.477191162109,中继,J04,432,R21,B,爬升,6207.0,6241.477191162109,False,J04,S008,O01,648.3899199999631,523.2593199999969,316926.3521468387,2553441.2534225625,270.9,648.3899199999631,523.2593199999969,316926.3521468387,2553441.2534225625,374.3315734863281,109.2127472,23.0795113,109.2127472,23.0795113,210,4.722945684702211,-6.203535484928807,解析遮挡集合+两类距离阈值根,开区间内状态恒定，边界瞬时见事件表
R21,巡航,6241.477191162109,6246.0,中继,J04,433,R21,B,巡航,6241.477191162109,6246.0,False,J04,S008,O01,648.3899199999631,523.2593199999969,316926.3521468387,2553441.2534225625,374.3315734863281,648.9372191277636,525.4057047779386,316941.1299936319,2553375.0403559096,374.3315734863281,109.2127472,23.0795113,109.2128992275355,23.078915082006127,211,4.763713961383715,-6.168399730249661,解析遮挡集合+两类距离阈值根,开区间内状态恒定，边界瞬时见事件表
R21,巡航,6246.0,6247.0,中继,J04,434,R21,B,巡航,6246.0,6247.0,False,J04,S008,O01,648.9372191277636,525.4057047779386,316941.1299936319,2553375.0403559096,374.3315734863281,649.0582278078597,525.8802737581617,316944.39739831846,2553360.4005448925,374.3315734863281,109.2128992275355,23.078915082006127,109.21293284105775,23.0787832572894,211,4.868048438728337,-6.1236002262625675,解析遮挡集合+两类距离阈值根,开区间内状态恒定，边界瞬时见事件表
R21,巡航,6247.0,6452.158801386609,中继,J06,435,R21,B,巡航,6247.0,6452.158801386609,False,J06,S008,O01,649.0582278078597,525.8802737581617,316944.39739831846,2553360.4005448925,374.3315734863281,673.884223573764,623.2422769159908,317614.73422745336,2550356.914464112,374.3315734863281,109.21293284105775,23.0787832572894,109.21982895099272,23.051738256412225,211,0.13818549700796723,-4.260968628275336,解析遮挡集合+两类距离阈值根,开区间内状态恒定，边界瞬时见事件表
R21,巡航,6452.158801386609,6476.0,直连,,436,R21,B,巡航,6452.158801386609,6476.0,True,,S008,O01,673.884223573764,623.2422769159908,317614.73422745336,2550356.914464112,374.3315734863281,676.7692155498808,634.556570229243,317692.6330715354,2550007.883821992,374.3315734863281,109.21982895099272,23.051738256412225,109.22063033765275,23.048595397158543,211,8.099222700448053,8.420142495425267,解析遮挡集合+两类距离阈值根,开区间内状态恒定，边界瞬时见事件表
R21,巡航,6476.0,6516.764878432725,直连,,437,R21,B,巡航,6476.0,6516.764878432725,True,,S008,O01,676.7692155498808,634.556570229243,317692.6330715354,2550007.883821992,374.3315734863281,681.7021196833053,653.9023170159785,317825.8284263726,2549411.093705605,374.3315734863281,109.22063033765275,23.048595397158543,109.22200058880092,23.043221578606673,211,8.753346533981329,9.354390039418632,解析遮挡集合+两类距离阈值根,开区间内状态恒定，边界瞬时见事件表
R21,巡航,6516.764878432725,6531.882675332356,直连,,438,R21,B,巡航,6516.764878432725,6531.882675332356,True,,S008,O01,681.7021196833053,653.9023170159785,317825.8284263726,2549411.093705605,374.3315734863281,683.5315043320915,661.0767544738555,317875.22438681254,2549189.7720160005,374.3315734863281,109.22200058880092,23.043221578606673,109.22250875120336,23.041228679312816,211,10.000000000000497,10.252132364782511,解析遮挡集合+两类距离阈值根,开区间内状态恒定，边界瞬时见事件表
R21,巡航,6531.882675332356,6771.736306484562,直连,,439,R21,B,巡航,6531.882675332356,6771.736306484562,True,,S008,O01,683.5315043320915,661.0767544738555,317875.22438681254,2549189.7720160005,374.3315734863281,712.5558756540916,774.9038476125568,318658.92326532217,2545678.3601841833,374.3315734863281,109.22250875120336,23.041228679312816,109.23057107657058,23.009610042329843,211,10.511775829721756,16.201250468805554,解析遮挡集合+两类距离阈值根,开区间内状态恒定，边界瞬时见事件表
R21,巡航,6771.736306484562,6779.831667110365,直连,,440,R21,B,巡航,6771.736306484562,6779.831667110365,True,,S008,O01,712.5558756540916,774.9038476125568,318658.92326532217,2545678.3601841833,374.3315734863281,713.5354845583224,778.7456546492817,318685.3740845701,2545559.845634507,374.3315734863281,109.23057107657058,23.009610042329843,109.2308431901551,23.00854287370853,211,33.682182353106185,34.50098645067605,解析遮挡集合+两类距离阈值根,开区间内状态恒定，边界瞬时见事件表
R21,巡航,6779.831667110365,6780.084834417387,直连,,441,R21,B,巡航,6779.831667110365,6780.084834417387,True,,S008,O01,713.5354845583224,778.7456546492817,318685.3740845701,2545559.845634507,374.3315734863281,713.5661199999887,778.8658000000014,318686.20128461556,2545556.1393129765,374.3315734863281,109.2308431901551,23.00854287370853,109.2308517,23.0085095,211,34.838147669414695,34.839062048545216,解析遮挡集合+两类距离阈值根,开区间内状态恒定，边界瞬时见事件表
R21,下降,6780.084834417387,6877.780616848091,直连,,442,R21,B,下降,6780.084834417387,6877.780616848091,True,,S008,O01,713.5661199999887,778.8658000000014,318686.20128461556,2545556.1393129765,374.3315734863281,713.5661199999887,778.8658000000014,318686.20128461556,2545556.1393129765,130.0921174095703,109.2308517,23.0085095,109.2308517,23.0085095,212,34.83936688437511,41.562464836035375,解析遮挡集合+两类距离阈值根,开区间内状态恒定，边界瞬时见事件表
R21,下降,6877.780616848091,6878.737463811919,直连,,443,R21,B,下降,6877.780616848091,6878.737463811919,True,,S008,O01,713.5661199999887,778.8658000000014,318686.20128461556,2545556.1393129765,130.0921174095703,713.5661199999887,778.8658000000014,318686.20128461556,2545556.1393129765,127.69999999999999,109.2308517,23.0085095,109.2308517,23.0085095,212,45.92517525248826,46.46079743223157,解析遮挡集合+两类距离阈值根,开区间内状态恒定，边界瞬时见事件表
R21,整数秒等待,6878.737463811919,6879.0,直连,,444,R21,B,整数秒等待,6878.737463811919,6879.0,True,,S008,O01,713.5661199999887,778.8658000000014,318686.20128461556,2545556.1393129765,127.7,713.5661199999887,778.8658000000014,318686.20128461556,2545556.1393129765,127.7,109.2308517,23.0085095,109.2308517,23.0085095,213,45.92517525248826,45.92517525248826,解析遮挡集合+两类距离阈值根,开区间内状态恒定，边界瞬时见事件表
R22,爬升,5354.0,5354.797372469857,直连,,445,R22,B,爬升,5354.0,5354.797372469857,True,,O01,S008,713.5661199999887,778.8658000000014,318686.20128461556,2545556.1393129765,127.7,713.5661199999887,778.8658000000014,318686.20128461556,2545556.1393129765,130.0921174095703,109.2308517,23.0085095,109.2308517,23.0085095,214,45.92517525248826,46.46079743223157,解析遮挡集合+两类距离阈值根,开区间内状态恒定，边界瞬时见事件表
R22,爬升,5354.797372469857,5359.136135753778,直连,,446,R22,B,爬升,5354.797372469857,5359.136135753778,True,,O01,S008,713.5661199999887,778.8658000000014,318686.20128461556,2545556.1393129765,130.0921174095703,713.5661199999887,778.8658000000014,318686.20128461556,2545556.1393129765,143.1084072613349,109.2308517,23.0085095,109.2308517,23.0085095,214,57.03163249228426,61.03952087325242,解析遮挡集合+两类距离阈值根,开区间内状态恒定，边界瞬时见事件表
R22,爬升,5359.136135753778,5436.210524495443,直连,,447,R22,B,爬升,5359.136135753778,5436.210524495443,True,,O01,S008,713.5661199999887,778.8658000000014,318686.20128461556,2545556.1393129765,143.1084072613349,713.5661199999887,778.8658000000014,318686.20128461556,2545556.1393129765,374.3315734863281,109.2308517,23.0085095,109.2308517,23.0085095,214,34.83936688437511,41.03775145897518,解析遮挡集合+两类距离阈值根,开区间内状态恒定，边界瞬时见事件表
R22,巡航,5436.210524495443,5444.559052428268,直连,,448,R22,B,巡航,5436.210524495443,5444.559052428268,True,,O01,S008,713.5661199999887,778.8658000000014,318686.20128461556,2545556.1393129765,374.3315734863281,712.5558756540916,774.9038476125568,318658.92326532217,2545678.3601841833,374.3315734863281,109.2308517,23.0085095,109.23057107657058,23.009610042329843,215,33.682182353106185,34.5199080021368,解析遮挡集合+两类距离阈值根,开区间内状态恒定，边界瞬时见事件表
R22,巡航,5444.559052428268,5699.530480480105,直连,,449,R22,B,巡航,5444.559052428268,5699.530480480105,True,,O01,S008,712.5558756540916,774.9038476125568,318658.92326532217,2545678.3601841833,374.3315734863281,681.7021196833053,653.9023170159786,317825.8284263726,2549411.093705605,374.3315734863281,109.23057107657058,23.009610042329843,109.22200058880092,23.043221578606673,215,10.000000000000497,15.710363481010674,解析遮挡集合+两类距离阈值根,开区间内状态恒定，边界瞬时见事件表
R22,巡航,5699.530480480105,5764.136557526221,直连,,450,R22,B,巡航,5699.530480480105,5764.136557526221,True,,O01,S008,681.7021196833053,653.9023170159786,317825.8284263726,2549411.093705605,374.3315734863281,673.884223573764,623.2422769159909,317614.73422745336,2550356.914464112,374.3315734863281,109.22200058880092,23.043221578606673,109.21982895099272,23.051738256412225,215,8.099222700448053,8.997856537817071,解析遮挡集合+两类距离阈值根,开区间内状态恒定，边界瞬时见事件表
R22,巡航,5764.136557526221,5974.818167750721,中继,J04,451,R22,B,巡航,5764.136557526221,5974.818167750721,False,J04,O01,S008,673.884223573764,623.2422769159909,317614.73422745336,2550356.914464112,374.3315734863281,648.3899199999631,523.2593199999969,316926.3521468387,2553441.2534225625,374.3315734863281,109.21982895099272,23.051738256412225,109.2127472,23.0795113,215,4.763713961383715,-4.316436991913605,解析遮挡集合+两类距离阈值根,开区间内状态恒定，边界瞬时见事件表
R22,下降,5974.818167750721,6016.190797145252,中继,J04,452,R22,B,下降,5974.818167750721,6016.190797145252,False,J04,O01,S008,648.3899199999631,523.2593199999969,316926.3521468387,2553441.2534225625,374.3315734863281,648.3899199999631,523.2593199999969,316926.3521468387,2553441.2534225625,270.9,109.2127472,23.0795113,109.2127472,23.0795113,216,4.722945684702211,-6.203535484928807,解析遮挡集合+两类距离阈值根,开区间内状态恒定，边界瞬时见事件表
R22,整数秒等待,6016.190797145252,6017.0,中继,J04,453,R22,B,整数秒等待,6016.190797145252,6017.0,False,J04,O01,S008,648.3899199999631,523.2593199999969,316926.3521468387,2553441.2534225625,270.9,648.3899199999631,523.2593199999969,316926.3521468387,2553441.2534225625,270.9,109.2127472,23.0795113,109.2127472,23.0795113,217,4.722945684702211,-6.202510039323613,解析遮挡集合+两类距离阈值根,开区间内状态恒定，边界瞬时见事件表
R22,交接,6017.0,6227.0,中继,J04,454,R22,B,交接,6017.0,6227.0,False,J04,O01,S008,648.3899199999631,523.2593199999969,316926.3521468387,2553441.2534225625,270.9,648.3899199999631,523.2593199999969,316926.3521468387,2553441.2534225625,270.9,109.2127472,23.0795113,109.2127472,23.0795113,218,4.722945684702211,-6.202510039323613,解析遮挡集合+两类距离阈值根,开区间内状态恒定，边界瞬时见事件表
R22,爬升,6227.0,6246.0,中继,J04,455,R22,B,爬升,6227.0,6246.0,False,J04,S008,O01,648.3899199999631,523.2593199999969,316926.3521468387,2553441.2534225625,270.9,648.3899199999631,523.2593199999969,316926.3521468387,2553441.2534225625,327.9000000000003,109.2127472,23.0795113,109.2127472,23.0795113,219,4.722945684702211,-6.203031173233853,解析遮挡集合+两类距离阈值根,开区间内状态恒定，边界瞬时见事件表
R22,爬升,6246.0,6246.299274769215,中继,J04,456,R22,B,爬升,6246.0,6246.299274769215,False,J04,S008,O01,648.3899199999631,523.2593199999969,316926.3521468387,2553441.2534225625,327.9000000000003,648.3899199999631,523.2593199999969,316926.3521468387,2553441.2534225625,328.7978243076468,109.2127472,23.0795113,109.2127472,23.0795113,219,4.74623719640536,-6.203671052728282,解析遮挡集合+两类距离阈值根,开区间内状态恒定，边界瞬时见事件表
R22,爬升,6246.299274769215,6247.0,中继,J04,457,R22,B,爬升,6246.299274769215,6247.0,False,J04,S008,O01,648.3899199999631,523.2593199999969,316926.3521468387,2553441.2534225625,328.7978243076468,648.3899199999631,523.2593199999969,316926.3521468387,2553441.2534225625,330.9000000000003,109.2127472,23.0795113,109.2127472,23.0795113,219,4.746587940670352,-6.203707243164104,解析遮挡集合+两类距离阈值根,开区间内状态恒定，边界瞬时见事件表
R22,爬升,6247.0,6261.477191162109,中继,J06,458,R22,B,爬升,6247.0,6261.477191162109,False,J06,S008,O01,648.3899199999631,523.2593199999969,316926.3521468387,2553441.2534225625,330.9000000000003,648.3899199999631,523.2593199999969,316926.3521468387,2553441.2534225625,374.3315734863281,109.2127472,23.0795113,109.2127472,23.0795113,219,0.023072471002976158,-6.204293237947866,解析遮挡集合+两类距离阈值根,开区间内状态恒定，边界瞬时见事件表
R22,巡航,6261.477191162109,6472.158801386609,中继,J06,459,R22,B,巡航,6261.477191162109,6472.158801386609,False,J06,S008,O01,648.3899199999631,523.2593199999969,316926.3521468387,2553441.2534225625,374.3315734863281,673.884223573764,623.2422769159908,317614.73422745336,2550356.914464112,374.3315734863281,109.2127472,23.0795113,109.21982895099272,23.051738256412225,220,0.023072471002976158,-4.316436991913605,解析遮挡集合+两类距离阈值根,开区间内状态恒定，边界瞬时见事件表
R22,巡航,6472.158801386609,6476.0,直连,,460,R22,B,巡航,6472.158801386609,6476.0,True,,S008,O01,673.884223573764,623.2422769159908,317614.73422745336,2550356.914464112,374.3315734863281,674.3490419479575,625.0651906247817,317627.28497780464,2550300.680042333,374.3315734863281,109.21982895099272,23.051738256412225,109.21995806720777,23.051231891493117,220,8.099222700448053,8.150135118080982,解析遮挡集合+两类距离阈值根,开区间内状态恒定，边界瞬时见事件表
R22,巡航,6476.0,6536.764878432725,直连,,461,R22,B,巡航,6476.0,6536.764878432725,True,,S008,O01,674.3490419479575,625.0651906247817,317627.28497780464,2550300.680042333,374.3315734863281,681.7021196833053,653.9023170159785,317825.8284263726,2549411.093705605,374.3315734863281,109.21995806720777,23.051231891493117,109.22200058880092,23.043221578606673,220,8.201347071115933,9.054322551381048,解析遮挡集合+两类距离阈值根,开区间内状态恒定，边界瞬时见事件表
R22,巡航,6536.764878432725,6551.882675332356,直连,,462,R22,B,巡航,6536.764878432725,6551.882675332356,True,,S008,O01,681.7021196833053,653.9023170159785,317825.8284263726,2549411.093705605,374.3315734863281,683.5315043320915,661.0767544738555,317875.22438681254,2549189.7720160005,374.3315734863281,109.22200058880092,23.043221578606673,109.22250875120336,23.041228679312816,220,10.000000000000497,10.252132364782511,解析遮挡集合+两类距离阈值根,开区间内状态恒定，边界瞬时见事件表
R22,巡航,6551.882675332356,6799.831667110365,直连,,463,R22,B,巡航,6551.882675332356,6799.831667110365,True,,S008,O01,683.5315043320915,661.0767544738555,317875.22438681254,2549189.7720160005,374.3315734863281,713.5354845583224,778.7456546492817,318685.3740845701,2545559.845634507,374.3315734863281,109.22250875120336,23.041228679312816,109.2308431901551,23.00854287370853,220,10.511775829721756,16.475814078340136,解析遮挡集合+两类距离阈值根,开区间内状态恒定，边界瞬时见事件表
R22,巡航,6799.831667110365,6800.084834417387,直连,,464,R22,B,巡航,6799.831667110365,6800.084834417387,True,,S008,O01,713.5354845583224,778.7456546492817,318685.3740845701,2545559.845634507,374.3315734863281,713.5661199999887,778.8658000000014,318686.20128461556,2545556.1393129765,374.3315734863281,109.2308431901551,23.00854287370853,109.2308517,23.0085095,220,34.838147669414695,34.839062048545216,解析遮挡集合+两类距离阈值根,开区间内状态恒定，边界瞬时见事件表
R22,下降,6800.084834417387,6897.780616848091,直连,,465,R22,B,下降,6800.084834417387,6897.780616848091,True,,S008,O01,713.5661199999887,778.8658000000014,318686.20128461556,2545556.1393129765,374.3315734863281,713.5661199999887,778.8658000000014,318686.20128461556,2545556.1393129765,130.0921174095703,109.2308517,23.0085095,109.2308517,23.0085095,221,34.83936688437511,41.562464836035375,解析遮挡集合+两类距离阈值根,开区间内状态恒定，边界瞬时见事件表
R22,下降,6897.780616848091,6898.737463811919,直连,,466,R22,B,下降,6897.780616848091,6898.737463811919,True,,S008,O01,713.5661199999887,778.8658000000014,318686.20128461556,2545556.1393129765,130.0921174095703,713.5661199999887,778.8658000000014,318686.20128461556,2545556.1393129765,127.69999999999999,109.2308517,23.0085095,109.2308517,23.0085095,221,45.92517525248826,46.46079743223157,解析遮挡集合+两类距离阈值根,开区间内状态恒定，边界瞬时见事件表
R22,整数秒等待,6898.737463811919,6899.0,直连,,467,R22,B,整数秒等待,6898.737463811919,6899.0,True,,S008,O01,713.5661199999887,778.8658000000014,318686.20128461556,2545556.1393129765,127.7,713.5661199999887,778.8658000000014,318686.20128461556,2545556.1393129765,127.7,109.2308517,23.0085095,109.2308517,23.0085095,222,45.92517525248826,45.92517525248826,解析遮挡集合+两类距离阈值根,开区间内状态恒定，边界瞬时见事件表
